2023-11-11 13:03:30.862 INFO edu.rit.croatia.iste422.g6.qf.controller.QueryfierManager:78 - Initialization started
2023-11-11 13:03:30.864 INFO edu.rit.croatia.iste422.g6.qf.model.app.QueryfierConfiguration:205 - No configuration to be loaded
2023-11-11 13:03:30.864 INFO edu.rit.croatia.iste422.g6.qf.controller.QueryfierManager:97 - Welcome Screen setup start
2023-11-11 13:03:31.165 INFO edu.rit.croatia.iste422.g6.qf.controller.QueryfierManager:261 - Welcome Screen Handlers setup start
2023-11-11 13:03:31.166 INFO edu.rit.croatia.iste422.g6.qf.controller.QueryfierManager:269 - Welcome Screen Handlers setup finish
2023-11-11 13:03:31.167 INFO edu.rit.croatia.iste422.g6.qf.controller.QueryfierManager:119 - Welcome Screen setup finish
2023-11-11 13:03:31.167 INFO edu.rit.croatia.iste422.g6.qf.controller.QueryfierManager:92 - Initialization finished
2023-11-11 13:03:33.494 INFO edu.rit.croatia.iste422.g6.qf.controller.handler.CreateProjectHandler:37 - Starting the opening of the file.
2023-11-11 13:03:37.216 INFO edu.rit.croatia.iste422.g6.qf.model.QueryfierStorage:73 - File loading started
2023-11-11 13:03:37.219 INFO edu.rit.croatia.iste422.g6.qf.model.QueryfierStorage:92 - File parsing initialized
2023-11-11 13:03:37.219 INFO edu.rit.croatia.iste422.g6.qf.io.parser.XMLFileParser:35 - XML File Parser has been selected!
2023-11-11 13:03:37.224 INFO edu.rit.croatia.iste422.g6.qf.model.QueryfierStorage:103 - File parsing successful
2023-11-11 13:03:37.225 INFO edu.rit.croatia.iste422.g6.qf.controller.handler.CreateProjectHandler:57 - Finished loading the file.
2023-11-11 13:03:37.375 INFO edu.rit.croatia.iste422.g6.qf.controller.QueryfierManager:124 - Attribute Editor Screen setup start
2023-11-11 13:03:37.448 INFO edu.rit.croatia.iste422.g6.qf.controller.QueryfierManager:273 - Attribute Editor Screen Handlers setup start
2023-11-11 13:03:37.448 INFO edu.rit.croatia.iste422.g6.qf.controller.QueryfierManager:236 - Menu Item Handlers setup start
2023-11-11 13:03:37.450 INFO edu.rit.croatia.iste422.g6.qf.controller.QueryfierManager:257 - Menu Item Handlers setup finish
2023-11-11 13:03:37.452 INFO edu.rit.croatia.iste422.g6.qf.controller.QueryfierManager:295 - Attribute Editor Screen Handlers setup finish
2023-11-11 13:03:37.452 INFO edu.rit.croatia.iste422.g6.qf.controller.QueryfierManager:168 - Attribute Editor Screen setup finish
2023-11-11 13:46:21.304 INFO edu.rit.croatia.iste422.g6.qf.controller.QueryfierManager:78 - Initialization started
2023-11-11 13:46:21.307 INFO edu.rit.croatia.iste422.g6.qf.model.app.QueryfierConfiguration:205 - No configuration to be loaded
2023-11-11 13:46:21.307 INFO edu.rit.croatia.iste422.g6.qf.controller.QueryfierManager:97 - Welcome Screen setup start
2023-11-11 13:46:21.640 INFO edu.rit.croatia.iste422.g6.qf.controller.QueryfierManager:261 - Welcome Screen Handlers setup start
2023-11-11 13:46:21.642 INFO edu.rit.croatia.iste422.g6.qf.controller.QueryfierManager:269 - Welcome Screen Handlers setup finish
2023-11-11 13:46:21.643 INFO edu.rit.croatia.iste422.g6.qf.controller.QueryfierManager:119 - Welcome Screen setup finish
2023-11-11 13:46:21.643 INFO edu.rit.croatia.iste422.g6.qf.controller.QueryfierManager:92 - Initialization finished
2023-11-11 13:46:23.806 INFO edu.rit.croatia.iste422.g6.qf.controller.handler.CreateProjectHandler:37 - Starting the opening of the file.
2023-11-11 13:46:44.935 INFO edu.rit.croatia.iste422.g6.qf.controller.QueryfierManager:78 - Initialization started
2023-11-11 13:46:44.937 INFO edu.rit.croatia.iste422.g6.qf.model.app.QueryfierConfiguration:205 - No configuration to be loaded
2023-11-11 13:46:44.937 INFO edu.rit.croatia.iste422.g6.qf.controller.QueryfierManager:97 - Welcome Screen setup start
2023-11-11 13:46:45.182 INFO edu.rit.croatia.iste422.g6.qf.controller.QueryfierManager:262 - Welcome Screen Handlers setup start
2023-11-11 13:46:45.183 INFO edu.rit.croatia.iste422.g6.qf.controller.QueryfierManager:270 - Welcome Screen Handlers setup finish
2023-11-11 13:46:45.184 INFO edu.rit.croatia.iste422.g6.qf.controller.QueryfierManager:119 - Welcome Screen setup finish
2023-11-11 13:46:45.184 INFO edu.rit.croatia.iste422.g6.qf.controller.QueryfierManager:92 - Initialization finished
2023-11-11 13:46:47.106 INFO edu.rit.croatia.iste422.g6.qf.controller.handler.CreateProjectHandler:37 - Starting the opening of the file.
2023-11-11 13:46:49.374 INFO edu.rit.croatia.iste422.g6.qf.model.QueryfierStorage:73 - File loading started
2023-11-11 13:46:49.376 INFO edu.rit.croatia.iste422.g6.qf.model.QueryfierStorage:92 - File parsing initialized
2023-11-11 13:46:49.377 INFO edu.rit.croatia.iste422.g6.qf.io.parser.XMLFileParser:35 - XML File Parser has been selected!
2023-11-11 13:46:49.382 INFO edu.rit.croatia.iste422.g6.qf.model.QueryfierStorage:103 - File parsing successful
2023-11-11 13:46:49.382 INFO edu.rit.croatia.iste422.g6.qf.controller.handler.CreateProjectHandler:57 - Finished loading the file.
2023-11-11 13:46:49.527 INFO edu.rit.croatia.iste422.g6.qf.controller.QueryfierManager:124 - Attribute Editor Screen setup start
2023-11-11 13:46:49.600 INFO edu.rit.croatia.iste422.g6.qf.controller.QueryfierManager:274 - Attribute Editor Screen Handlers setup start
2023-11-11 13:46:49.601 INFO edu.rit.croatia.iste422.g6.qf.controller.QueryfierManager:237 - Menu Item Handlers setup start
2023-11-11 13:46:49.602 INFO edu.rit.croatia.iste422.g6.qf.controller.QueryfierManager:258 - Menu Item Handlers setup finish
2023-11-11 13:46:49.604 INFO edu.rit.croatia.iste422.g6.qf.controller.QueryfierManager:296 - Attribute Editor Screen Handlers setup finish
2023-11-11 13:46:49.604 INFO edu.rit.croatia.iste422.g6.qf.controller.QueryfierManager:168 - Attribute Editor Screen setup finish
2023-11-11 13:47:20.506 INFO edu.rit.croatia.iste422.g6.qf.controller.QueryfierManager:78 - Initialization started
2023-11-11 13:47:20.508 INFO edu.rit.croatia.iste422.g6.qf.model.app.QueryfierConfiguration:205 - No configuration to be loaded
2023-11-11 13:47:20.508 INFO edu.rit.croatia.iste422.g6.qf.controller.QueryfierManager:97 - Welcome Screen setup start
2023-11-11 13:47:20.760 INFO edu.rit.croatia.iste422.g6.qf.controller.QueryfierManager:262 - Welcome Screen Handlers setup start
2023-11-11 13:47:20.762 INFO edu.rit.croatia.iste422.g6.qf.controller.QueryfierManager:270 - Welcome Screen Handlers setup finish
2023-11-11 13:47:20.762 INFO edu.rit.croatia.iste422.g6.qf.controller.QueryfierManager:119 - Welcome Screen setup finish
2023-11-11 13:47:20.762 INFO edu.rit.croatia.iste422.g6.qf.controller.QueryfierManager:92 - Initialization finished
2023-11-11 13:47:22.075 INFO edu.rit.croatia.iste422.g6.qf.controller.handler.CreateProjectHandler:37 - Starting the opening of the file.
2023-11-11 13:47:25.142 INFO edu.rit.croatia.iste422.g6.qf.model.QueryfierStorage:73 - File loading started
2023-11-11 13:47:25.145 INFO edu.rit.croatia.iste422.g6.qf.model.QueryfierStorage:92 - File parsing initialized
2023-11-11 13:47:25.145 INFO edu.rit.croatia.iste422.g6.qf.io.parser.XMLFileParser:35 - XML File Parser has been selected!
2023-11-11 13:47:25.149 INFO edu.rit.croatia.iste422.g6.qf.model.QueryfierStorage:103 - File parsing successful
2023-11-11 13:47:25.150 INFO edu.rit.croatia.iste422.g6.qf.controller.handler.CreateProjectHandler:57 - Finished loading the file.
2023-11-11 13:47:25.288 INFO edu.rit.croatia.iste422.g6.qf.controller.QueryfierManager:124 - Attribute Editor Screen setup start
2023-11-11 13:47:25.363 INFO edu.rit.croatia.iste422.g6.qf.controller.QueryfierManager:274 - Attribute Editor Screen Handlers setup start
2023-11-11 13:47:25.363 INFO edu.rit.croatia.iste422.g6.qf.controller.QueryfierManager:237 - Menu Item Handlers setup start
2023-11-11 13:47:25.364 INFO edu.rit.croatia.iste422.g6.qf.controller.QueryfierManager:258 - Menu Item Handlers setup finish
2023-11-11 13:47:25.366 INFO edu.rit.croatia.iste422.g6.qf.controller.QueryfierManager:296 - Attribute Editor Screen Handlers setup finish
2023-11-11 13:47:25.368 INFO edu.rit.croatia.iste422.g6.qf.controller.QueryfierManager:168 - Attribute Editor Screen setup finish
2023-11-11 13:47:55.261 INFO edu.rit.croatia.iste422.g6.qf.controller.QueryfierManager:200 - Entity Relations Editor Screen setup start
2023-11-11 13:47:55.349 INFO edu.rit.croatia.iste422.g6.qf.controller.QueryfierManager:300 - Entity Relations Editor Screen Handlers setup start
2023-11-11 13:47:55.349 INFO edu.rit.croatia.iste422.g6.qf.controller.QueryfierManager:237 - Menu Item Handlers setup start
2023-11-11 13:47:55.349 INFO edu.rit.croatia.iste422.g6.qf.controller.QueryfierManager:258 - Menu Item Handlers setup finish
2023-11-11 13:47:55.352 INFO edu.rit.croatia.iste422.g6.qf.controller.QueryfierManager:308 - Entity Relations Editor Screen Handlers setup finish
2023-11-11 13:47:55.352 INFO edu.rit.croatia.iste422.g6.qf.controller.QueryfierManager:222 - Entity Relations Editor Screen setup finish
2023-11-11 13:48:02.477 INFO edu.rit.croatia.iste422.g6.qf.controller.QueryfierManager:124 - Attribute Editor Screen setup start
2023-11-11 13:48:02.554 INFO edu.rit.croatia.iste422.g6.qf.controller.QueryfierManager:274 - Attribute Editor Screen Handlers setup start
2023-11-11 13:48:02.555 INFO edu.rit.croatia.iste422.g6.qf.controller.QueryfierManager:237 - Menu Item Handlers setup start
2023-11-11 13:48:02.555 INFO edu.rit.croatia.iste422.g6.qf.controller.QueryfierManager:258 - Menu Item Handlers setup finish
2023-11-11 13:48:02.555 INFO edu.rit.croatia.iste422.g6.qf.controller.QueryfierManager:296 - Attribute Editor Screen Handlers setup finish
2023-11-11 13:48:02.555 INFO edu.rit.croatia.iste422.g6.qf.controller.QueryfierManager:168 - Attribute Editor Screen setup finish
2023-11-11 13:49:50.836 INFO edu.rit.croatia.iste422.g6.qf.controller.QueryfierManager:78 - Initialization started
2023-11-11 13:49:50.837 INFO edu.rit.croatia.iste422.g6.qf.model.app.QueryfierConfiguration:205 - No configuration to be loaded
2023-11-11 13:49:50.837 INFO edu.rit.croatia.iste422.g6.qf.controller.QueryfierManager:97 - Welcome Screen setup start
2023-11-11 13:49:51.090 INFO edu.rit.croatia.iste422.g6.qf.controller.QueryfierManager:266 - Welcome Screen Handlers setup start
2023-11-11 13:49:51.092 INFO edu.rit.croatia.iste422.g6.qf.controller.QueryfierManager:274 - Welcome Screen Handlers setup finish
2023-11-11 13:49:51.092 INFO edu.rit.croatia.iste422.g6.qf.controller.QueryfierManager:119 - Welcome Screen setup finish
2023-11-11 13:49:51.092 INFO edu.rit.croatia.iste422.g6.qf.controller.QueryfierManager:92 - Initialization finished
2023-11-11 13:49:51.946 INFO edu.rit.croatia.iste422.g6.qf.controller.handler.CreateProjectHandler:37 - Starting the opening of the file.
2023-11-11 13:49:54.975 INFO edu.rit.croatia.iste422.g6.qf.model.QueryfierStorage:73 - File loading started
2023-11-11 13:49:54.978 INFO edu.rit.croatia.iste422.g6.qf.model.QueryfierStorage:92 - File parsing initialized
2023-11-11 13:49:54.978 INFO edu.rit.croatia.iste422.g6.qf.io.parser.XMLFileParser:35 - XML File Parser has been selected!
2023-11-11 13:49:54.982 INFO edu.rit.croatia.iste422.g6.qf.model.QueryfierStorage:103 - File parsing successful
2023-11-11 13:49:54.983 INFO edu.rit.croatia.iste422.g6.qf.controller.handler.CreateProjectHandler:57 - Finished loading the file.
2023-11-11 13:49:55.118 INFO edu.rit.croatia.iste422.g6.qf.controller.QueryfierManager:124 - Attribute Editor Screen setup start
2023-11-11 13:49:55.192 INFO edu.rit.croatia.iste422.g6.qf.controller.QueryfierManager:278 - Attribute Editor Screen Handlers setup start
2023-11-11 13:49:55.192 INFO edu.rit.croatia.iste422.g6.qf.controller.QueryfierManager:241 - Menu Item Handlers setup start
2023-11-11 13:49:55.194 INFO edu.rit.croatia.iste422.g6.qf.controller.QueryfierManager:262 - Menu Item Handlers setup finish
2023-11-11 13:49:55.196 INFO edu.rit.croatia.iste422.g6.qf.controller.QueryfierManager:300 - Attribute Editor Screen Handlers setup finish
2023-11-11 13:49:55.196 INFO edu.rit.croatia.iste422.g6.qf.controller.QueryfierManager:168 - Attribute Editor Screen setup finish
2023-11-11 13:50:29.566 INFO edu.rit.croatia.iste422.g6.qf.controller.QueryfierManager:78 - Initialization started
2023-11-11 13:50:29.568 INFO edu.rit.croatia.iste422.g6.qf.model.app.QueryfierConfiguration:205 - No configuration to be loaded
2023-11-11 13:50:29.568 INFO edu.rit.croatia.iste422.g6.qf.controller.QueryfierManager:97 - Welcome Screen setup start
2023-11-11 13:50:29.834 INFO edu.rit.croatia.iste422.g6.qf.controller.QueryfierManager:266 - Welcome Screen Handlers setup start
2023-11-11 13:50:29.835 INFO edu.rit.croatia.iste422.g6.qf.controller.QueryfierManager:274 - Welcome Screen Handlers setup finish
2023-11-11 13:50:29.835 INFO edu.rit.croatia.iste422.g6.qf.controller.QueryfierManager:119 - Welcome Screen setup finish
2023-11-11 13:50:29.835 INFO edu.rit.croatia.iste422.g6.qf.controller.QueryfierManager:92 - Initialization finished
2023-11-11 13:50:30.882 INFO edu.rit.croatia.iste422.g6.qf.controller.handler.CreateProjectHandler:37 - Starting the opening of the file.
2023-11-11 13:50:34.119 INFO edu.rit.croatia.iste422.g6.qf.model.QueryfierStorage:73 - File loading started
2023-11-11 13:50:34.121 INFO edu.rit.croatia.iste422.g6.qf.model.QueryfierStorage:92 - File parsing initialized
2023-11-11 13:50:34.121 INFO edu.rit.croatia.iste422.g6.qf.io.parser.XMLFileParser:35 - XML File Parser has been selected!
2023-11-11 13:50:34.125 INFO edu.rit.croatia.iste422.g6.qf.model.QueryfierStorage:103 - File parsing successful
2023-11-11 13:50:34.125 INFO edu.rit.croatia.iste422.g6.qf.controller.handler.CreateProjectHandler:57 - Finished loading the file.
2023-11-11 13:50:34.246 INFO edu.rit.croatia.iste422.g6.qf.controller.QueryfierManager:124 - Attribute Editor Screen setup start
2023-11-11 13:50:34.323 INFO edu.rit.croatia.iste422.g6.qf.controller.QueryfierManager:278 - Attribute Editor Screen Handlers setup start
2023-11-11 13:50:34.323 INFO edu.rit.croatia.iste422.g6.qf.controller.QueryfierManager:241 - Menu Item Handlers setup start
2023-11-11 13:50:34.324 INFO edu.rit.croatia.iste422.g6.qf.controller.QueryfierManager:262 - Menu Item Handlers setup finish
2023-11-11 13:50:34.325 INFO edu.rit.croatia.iste422.g6.qf.controller.QueryfierManager:300 - Attribute Editor Screen Handlers setup finish
2023-11-11 13:50:34.325 INFO edu.rit.croatia.iste422.g6.qf.controller.QueryfierManager:168 - Attribute Editor Screen setup finish
2023-11-11 16:26:10.676 INFO edu.rit.croatia.iste422.g6.qf.controller.QueryfierManager:78 - Initialization started
2023-11-11 16:26:10.678 INFO edu.rit.croatia.iste422.g6.qf.model.app.QueryfierConfiguration:205 - No configuration to be loaded
2023-11-11 16:26:10.678 INFO edu.rit.croatia.iste422.g6.qf.controller.QueryfierManager:97 - Welcome Screen setup start
2023-11-11 16:26:11.014 INFO edu.rit.croatia.iste422.g6.qf.controller.QueryfierManager:261 - Welcome Screen Handlers setup start
2023-11-11 16:26:11.016 INFO edu.rit.croatia.iste422.g6.qf.controller.QueryfierManager:269 - Welcome Screen Handlers setup finish
2023-11-11 16:26:11.016 INFO edu.rit.croatia.iste422.g6.qf.controller.QueryfierManager:119 - Welcome Screen setup finish
2023-11-11 16:26:11.016 INFO edu.rit.croatia.iste422.g6.qf.controller.QueryfierManager:92 - Initialization finished
2023-11-11 16:26:14.104 INFO edu.rit.croatia.iste422.g6.qf.controller.handler.CreateProjectHandler:37 - Starting the opening of the file.
2023-11-11 16:26:18.056 INFO edu.rit.croatia.iste422.g6.qf.model.QueryfierStorage:73 - File loading started
2023-11-11 16:26:18.058 INFO edu.rit.croatia.iste422.g6.qf.model.QueryfierStorage:92 - File parsing initialized
2023-11-11 16:26:18.059 INFO edu.rit.croatia.iste422.g6.qf.io.parser.XMLFileParser:35 - XML File Parser has been selected!
2023-11-11 16:26:18.064 INFO edu.rit.croatia.iste422.g6.qf.model.QueryfierStorage:103 - File parsing successful
2023-11-11 16:26:18.064 INFO edu.rit.croatia.iste422.g6.qf.controller.handler.CreateProjectHandler:57 - Finished loading the file.
2023-11-11 16:26:18.206 INFO edu.rit.croatia.iste422.g6.qf.controller.QueryfierManager:124 - Attribute Editor Screen setup start
2023-11-11 16:26:18.282 INFO edu.rit.croatia.iste422.g6.qf.controller.QueryfierManager:273 - Attribute Editor Screen Handlers setup start
2023-11-11 16:26:18.282 INFO edu.rit.croatia.iste422.g6.qf.controller.QueryfierManager:236 - Menu Item Handlers setup start
2023-11-11 16:26:18.284 INFO edu.rit.croatia.iste422.g6.qf.controller.QueryfierManager:257 - Menu Item Handlers setup finish
2023-11-11 16:26:18.285 INFO edu.rit.croatia.iste422.g6.qf.controller.QueryfierManager:295 - Attribute Editor Screen Handlers setup finish
2023-11-11 16:26:18.286 INFO edu.rit.croatia.iste422.g6.qf.controller.QueryfierManager:168 - Attribute Editor Screen setup finish
2023-11-11 16:38:39.579 INFO edu.rit.croatia.iste422.g6.qf.controller.QueryfierManager:78 - Initialization started
2023-11-11 16:38:39.581 INFO edu.rit.croatia.iste422.g6.qf.model.app.QueryfierConfiguration:205 - No configuration to be loaded
2023-11-11 16:38:39.581 INFO edu.rit.croatia.iste422.g6.qf.controller.QueryfierManager:97 - Welcome Screen setup start
2023-11-11 16:38:39.918 INFO edu.rit.croatia.iste422.g6.qf.controller.QueryfierManager:261 - Welcome Screen Handlers setup start
2023-11-11 16:38:39.920 INFO edu.rit.croatia.iste422.g6.qf.controller.QueryfierManager:269 - Welcome Screen Handlers setup finish
2023-11-11 16:38:39.921 INFO edu.rit.croatia.iste422.g6.qf.controller.QueryfierManager:119 - Welcome Screen setup finish
2023-11-11 16:38:39.921 INFO edu.rit.croatia.iste422.g6.qf.controller.QueryfierManager:92 - Initialization finished
2023-11-11 16:38:40.866 INFO edu.rit.croatia.iste422.g6.qf.controller.handler.CreateProjectHandler:37 - Starting the opening of the file.
2023-11-11 16:38:44.699 INFO edu.rit.croatia.iste422.g6.qf.model.QueryfierStorage:73 - File loading started
2023-11-11 16:38:44.703 INFO edu.rit.croatia.iste422.g6.qf.model.QueryfierStorage:92 - File parsing initialized
2023-11-11 16:38:44.703 INFO edu.rit.croatia.iste422.g6.qf.io.parser.XMLFileParser:35 - XML File Parser has been selected!
2023-11-11 16:38:44.709 INFO edu.rit.croatia.iste422.g6.qf.model.QueryfierStorage:103 - File parsing successful
2023-11-11 16:38:44.709 INFO edu.rit.croatia.iste422.g6.qf.controller.handler.CreateProjectHandler:57 - Finished loading the file.
2023-11-11 16:38:44.848 INFO edu.rit.croatia.iste422.g6.qf.controller.QueryfierManager:124 - Attribute Editor Screen setup start
2023-11-11 16:38:44.925 INFO edu.rit.croatia.iste422.g6.qf.controller.QueryfierManager:273 - Attribute Editor Screen Handlers setup start
2023-11-11 16:38:44.925 INFO edu.rit.croatia.iste422.g6.qf.controller.QueryfierManager:236 - Menu Item Handlers setup start
2023-11-11 16:38:44.928 INFO edu.rit.croatia.iste422.g6.qf.controller.QueryfierManager:257 - Menu Item Handlers setup finish
2023-11-11 16:38:44.929 INFO edu.rit.croatia.iste422.g6.qf.controller.QueryfierManager:295 - Attribute Editor Screen Handlers setup finish
2023-11-11 16:38:44.929 INFO edu.rit.croatia.iste422.g6.qf.controller.QueryfierManager:168 - Attribute Editor Screen setup finish
2023-11-11 16:53:15.345 INFO edu.rit.croatia.iste422.g6.qf.controller.QueryfierManager:78 - Initialization started
2023-11-11 16:53:15.347 INFO edu.rit.croatia.iste422.g6.qf.model.app.QueryfierConfiguration:205 - No configuration to be loaded
2023-11-11 16:53:15.347 INFO edu.rit.croatia.iste422.g6.qf.controller.QueryfierManager:97 - Welcome Screen setup start
2023-11-11 16:53:15.695 INFO edu.rit.croatia.iste422.g6.qf.controller.QueryfierManager:261 - Welcome Screen Handlers setup start
2023-11-11 16:53:15.697 INFO edu.rit.croatia.iste422.g6.qf.controller.QueryfierManager:269 - Welcome Screen Handlers setup finish
2023-11-11 16:53:15.697 INFO edu.rit.croatia.iste422.g6.qf.controller.QueryfierManager:119 - Welcome Screen setup finish
2023-11-11 16:53:15.697 INFO edu.rit.croatia.iste422.g6.qf.controller.QueryfierManager:92 - Initialization finished
2023-11-11 16:53:17.297 INFO edu.rit.croatia.iste422.g6.qf.controller.handler.CreateProjectHandler:37 - Starting the opening of the file.
2023-11-11 16:53:20.701 INFO edu.rit.croatia.iste422.g6.qf.model.QueryfierStorage:73 - File loading started
2023-11-11 16:53:20.704 INFO edu.rit.croatia.iste422.g6.qf.model.QueryfierStorage:92 - File parsing initialized
2023-11-11 16:53:20.705 INFO edu.rit.croatia.iste422.g6.qf.io.parser.XMLFileParser:35 - XML File Parser has been selected!
2023-11-11 16:53:20.709 INFO edu.rit.croatia.iste422.g6.qf.model.QueryfierStorage:103 - File parsing successful
2023-11-11 16:53:20.709 INFO edu.rit.croatia.iste422.g6.qf.controller.handler.CreateProjectHandler:57 - Finished loading the file.
2023-11-11 16:53:20.847 INFO edu.rit.croatia.iste422.g6.qf.controller.QueryfierManager:124 - Attribute Editor Screen setup start
2023-11-11 16:53:20.928 INFO edu.rit.croatia.iste422.g6.qf.controller.QueryfierManager:273 - Attribute Editor Screen Handlers setup start
2023-11-11 16:53:20.928 INFO edu.rit.croatia.iste422.g6.qf.controller.QueryfierManager:236 - Menu Item Handlers setup start
2023-11-11 16:53:20.930 INFO edu.rit.croatia.iste422.g6.qf.controller.QueryfierManager:257 - Menu Item Handlers setup finish
2023-11-11 16:53:20.932 INFO edu.rit.croatia.iste422.g6.qf.controller.QueryfierManager:295 - Attribute Editor Screen Handlers setup finish
2023-11-11 16:53:20.932 INFO edu.rit.croatia.iste422.g6.qf.controller.QueryfierManager:168 - Attribute Editor Screen setup finish
2023-11-11 16:53:28.497 INFO edu.rit.croatia.iste422.g6.qf.controller.QueryfierManager:200 - Entity Relations Editor Screen setup start
2023-11-11 16:53:28.587 INFO edu.rit.croatia.iste422.g6.qf.controller.QueryfierManager:299 - Entity Relations Editor Screen Handlers setup start
2023-11-11 16:53:28.587 INFO edu.rit.croatia.iste422.g6.qf.controller.QueryfierManager:236 - Menu Item Handlers setup start
2023-11-11 16:53:28.587 INFO edu.rit.croatia.iste422.g6.qf.controller.QueryfierManager:257 - Menu Item Handlers setup finish
2023-11-11 16:53:28.588 INFO edu.rit.croatia.iste422.g6.qf.controller.QueryfierManager:307 - Entity Relations Editor Screen Handlers setup finish
2023-11-11 16:53:28.588 INFO edu.rit.croatia.iste422.g6.qf.controller.QueryfierManager:222 - Entity Relations Editor Screen setup finish
2023-11-11 17:04:20.183 INFO edu.rit.croatia.iste422.g6.qf.controller.QueryfierManager:78 - Initialization started
2023-11-11 17:04:20.186 INFO edu.rit.croatia.iste422.g6.qf.model.app.QueryfierConfiguration:205 - No configuration to be loaded
2023-11-11 17:04:20.186 INFO edu.rit.croatia.iste422.g6.qf.controller.QueryfierManager:97 - Welcome Screen setup start
2023-11-11 17:04:20.586 INFO edu.rit.croatia.iste422.g6.qf.controller.QueryfierManager:261 - Welcome Screen Handlers setup start
2023-11-11 17:04:20.587 INFO edu.rit.croatia.iste422.g6.qf.controller.QueryfierManager:269 - Welcome Screen Handlers setup finish
2023-11-11 17:04:20.588 INFO edu.rit.croatia.iste422.g6.qf.controller.QueryfierManager:119 - Welcome Screen setup finish
2023-11-11 17:04:20.588 INFO edu.rit.croatia.iste422.g6.qf.controller.QueryfierManager:92 - Initialization finished
2023-11-11 17:11:48.809 INFO edu.rit.croatia.iste422.g6.qf.controller.QueryfierManager:78 - Initialization started
2023-11-11 17:11:48.811 INFO edu.rit.croatia.iste422.g6.qf.model.app.QueryfierConfiguration:205 - No configuration to be loaded
2023-11-11 17:12:15.511 INFO edu.rit.croatia.iste422.g6.qf.controller.QueryfierManager:78 - Initialization started
2023-11-11 17:12:15.513 INFO edu.rit.croatia.iste422.g6.qf.model.app.QueryfierConfiguration:205 - No configuration to be loaded
2023-11-11 17:12:15.514 INFO edu.rit.croatia.iste422.g6.qf.controller.QueryfierManager:97 - Welcome Screen setup start
2023-11-11 17:12:15.846 INFO edu.rit.croatia.iste422.g6.qf.controller.QueryfierManager:261 - Welcome Screen Handlers setup start
2023-11-11 17:12:15.848 INFO edu.rit.croatia.iste422.g6.qf.controller.QueryfierManager:269 - Welcome Screen Handlers setup finish
2023-11-11 17:12:15.848 INFO edu.rit.croatia.iste422.g6.qf.controller.QueryfierManager:119 - Welcome Screen setup finish
2023-11-11 17:12:15.848 INFO edu.rit.croatia.iste422.g6.qf.controller.QueryfierManager:92 - Initialization finished
2023-11-11 17:12:16.885 INFO edu.rit.croatia.iste422.g6.qf.controller.handler.CreateProjectHandler:37 - Starting the opening of the file.
2023-11-11 17:12:20.540 INFO edu.rit.croatia.iste422.g6.qf.model.QueryfierStorage:73 - File loading started
2023-11-11 17:12:20.543 INFO edu.rit.croatia.iste422.g6.qf.model.QueryfierStorage:92 - File parsing initialized
2023-11-11 17:12:20.543 INFO edu.rit.croatia.iste422.g6.qf.io.parser.XMLFileParser:35 - XML File Parser has been selected!
2023-11-11 17:12:20.549 INFO edu.rit.croatia.iste422.g6.qf.model.QueryfierStorage:103 - File parsing successful
2023-11-11 17:12:20.549 INFO edu.rit.croatia.iste422.g6.qf.controller.handler.CreateProjectHandler:57 - Finished loading the file.
2023-11-11 17:12:20.700 INFO edu.rit.croatia.iste422.g6.qf.controller.QueryfierManager:124 - Attribute Editor Screen setup start
2023-11-11 17:12:20.776 INFO edu.rit.croatia.iste422.g6.qf.controller.QueryfierManager:273 - Attribute Editor Screen Handlers setup start
2023-11-11 17:12:20.776 INFO edu.rit.croatia.iste422.g6.qf.controller.QueryfierManager:236 - Menu Item Handlers setup start
2023-11-11 17:12:20.778 INFO edu.rit.croatia.iste422.g6.qf.controller.QueryfierManager:257 - Menu Item Handlers setup finish
2023-11-11 17:12:20.780 INFO edu.rit.croatia.iste422.g6.qf.controller.QueryfierManager:295 - Attribute Editor Screen Handlers setup finish
2023-11-11 17:12:20.780 INFO edu.rit.croatia.iste422.g6.qf.controller.QueryfierManager:168 - Attribute Editor Screen setup finish
2023-11-11 17:20:50.763 INFO edu.rit.croatia.iste422.g6.qf.controller.QueryfierManager:78 - Initialization started
2023-11-11 17:20:50.765 INFO edu.rit.croatia.iste422.g6.qf.model.app.QueryfierConfiguration:205 - No configuration to be loaded
2023-11-11 17:20:50.766 INFO edu.rit.croatia.iste422.g6.qf.controller.QueryfierManager:97 - Welcome Screen setup start
2023-11-11 17:20:51.108 INFO edu.rit.croatia.iste422.g6.qf.controller.QueryfierManager:261 - Welcome Screen Handlers setup start
2023-11-11 17:20:51.110 INFO edu.rit.croatia.iste422.g6.qf.controller.QueryfierManager:269 - Welcome Screen Handlers setup finish
2023-11-11 17:20:51.110 INFO edu.rit.croatia.iste422.g6.qf.controller.QueryfierManager:119 - Welcome Screen setup finish
2023-11-11 17:20:51.110 INFO edu.rit.croatia.iste422.g6.qf.controller.QueryfierManager:92 - Initialization finished
2023-11-11 17:21:39.144 INFO edu.rit.croatia.iste422.g6.qf.controller.QueryfierManager:78 - Initialization started
2023-11-11 17:21:39.146 INFO edu.rit.croatia.iste422.g6.qf.model.app.QueryfierConfiguration:205 - No configuration to be loaded
2023-11-11 17:21:39.147 INFO edu.rit.croatia.iste422.g6.qf.controller.QueryfierManager:97 - Welcome Screen setup start
2023-11-11 17:21:39.413 INFO edu.rit.croatia.iste422.g6.qf.controller.QueryfierManager:261 - Welcome Screen Handlers setup start
2023-11-11 17:21:39.414 INFO edu.rit.croatia.iste422.g6.qf.controller.QueryfierManager:269 - Welcome Screen Handlers setup finish
2023-11-11 17:21:39.415 INFO edu.rit.croatia.iste422.g6.qf.controller.QueryfierManager:119 - Welcome Screen setup finish
2023-11-11 17:21:39.415 INFO edu.rit.croatia.iste422.g6.qf.controller.QueryfierManager:92 - Initialization finished
2023-11-11 17:21:40.716 INFO edu.rit.croatia.iste422.g6.qf.controller.handler.CreateProjectHandler:37 - Starting the opening of the file.
2023-11-11 17:21:43.437 INFO edu.rit.croatia.iste422.g6.qf.model.QueryfierStorage:73 - File loading started
2023-11-11 17:21:43.438 INFO edu.rit.croatia.iste422.g6.qf.model.QueryfierStorage:92 - File parsing initialized
2023-11-11 17:21:43.439 INFO edu.rit.croatia.iste422.g6.qf.io.parser.XMLFileParser:35 - XML File Parser has been selected!
2023-11-11 17:21:43.443 INFO edu.rit.croatia.iste422.g6.qf.model.QueryfierStorage:103 - File parsing successful
2023-11-11 17:21:43.443 INFO edu.rit.croatia.iste422.g6.qf.controller.handler.CreateProjectHandler:57 - Finished loading the file.
2023-11-11 17:22:24.073 INFO edu.rit.croatia.iste422.g6.qf.controller.QueryfierManager:78 - Initialization started
2023-11-11 17:22:24.075 INFO edu.rit.croatia.iste422.g6.qf.model.app.QueryfierConfiguration:205 - No configuration to be loaded
2023-11-11 17:22:24.075 INFO edu.rit.croatia.iste422.g6.qf.controller.QueryfierManager:97 - Welcome Screen setup start
2023-11-11 17:22:24.341 INFO edu.rit.croatia.iste422.g6.qf.controller.QueryfierManager:261 - Welcome Screen Handlers setup start
2023-11-11 17:22:24.342 INFO edu.rit.croatia.iste422.g6.qf.controller.QueryfierManager:269 - Welcome Screen Handlers setup finish
2023-11-11 17:22:24.343 INFO edu.rit.croatia.iste422.g6.qf.controller.QueryfierManager:119 - Welcome Screen setup finish
2023-11-11 17:22:24.343 INFO edu.rit.croatia.iste422.g6.qf.controller.QueryfierManager:92 - Initialization finished
2023-11-11 17:22:25.038 INFO edu.rit.croatia.iste422.g6.qf.controller.handler.CreateProjectHandler:37 - Starting the opening of the file.
2023-11-11 17:22:27.501 INFO edu.rit.croatia.iste422.g6.qf.model.QueryfierStorage:73 - File loading started
2023-11-11 17:22:27.503 INFO edu.rit.croatia.iste422.g6.qf.model.QueryfierStorage:92 - File parsing initialized
2023-11-11 17:22:27.503 INFO edu.rit.croatia.iste422.g6.qf.io.parser.XMLFileParser:35 - XML File Parser has been selected!
2023-11-11 17:22:27.508 INFO edu.rit.croatia.iste422.g6.qf.model.QueryfierStorage:103 - File parsing successful
2023-11-11 17:22:27.508 INFO edu.rit.croatia.iste422.g6.qf.controller.handler.CreateProjectHandler:57 - Finished loading the file.
2023-11-11 17:23:55.081 INFO edu.rit.croatia.iste422.g6.qf.controller.QueryfierManager:78 - Initialization started
2023-11-11 17:23:55.083 INFO edu.rit.croatia.iste422.g6.qf.model.app.QueryfierConfiguration:205 - No configuration to be loaded
2023-11-11 17:23:55.084 INFO edu.rit.croatia.iste422.g6.qf.controller.QueryfierManager:97 - Welcome Screen setup start
2023-11-11 17:23:55.358 INFO edu.rit.croatia.iste422.g6.qf.controller.QueryfierManager:261 - Welcome Screen Handlers setup start
2023-11-11 17:23:55.360 INFO edu.rit.croatia.iste422.g6.qf.controller.QueryfierManager:269 - Welcome Screen Handlers setup finish
2023-11-11 17:23:55.360 INFO edu.rit.croatia.iste422.g6.qf.controller.QueryfierManager:119 - Welcome Screen setup finish
2023-11-11 17:23:55.360 INFO edu.rit.croatia.iste422.g6.qf.controller.QueryfierManager:92 - Initialization finished
2023-11-11 17:23:56.367 INFO edu.rit.croatia.iste422.g6.qf.controller.handler.CreateProjectHandler:37 - Starting the opening of the file.
2023-11-11 17:23:59.164 INFO edu.rit.croatia.iste422.g6.qf.model.QueryfierStorage:73 - File loading started
2023-11-11 17:23:59.167 INFO edu.rit.croatia.iste422.g6.qf.model.QueryfierStorage:92 - File parsing initialized
2023-11-11 17:23:59.167 INFO edu.rit.croatia.iste422.g6.qf.io.parser.XMLFileParser:35 - XML File Parser has been selected!
2023-11-11 17:23:59.172 INFO edu.rit.croatia.iste422.g6.qf.model.QueryfierStorage:103 - File parsing successful
2023-11-11 17:23:59.172 INFO edu.rit.croatia.iste422.g6.qf.controller.handler.CreateProjectHandler:57 - Finished loading the file.
2023-11-11 17:31:25.302 INFO edu.rit.croatia.iste422.g6.qf.controller.QueryfierManager:78 - Initialization started
2023-11-11 17:31:25.303 INFO edu.rit.croatia.iste422.g6.qf.model.app.QueryfierConfiguration:205 - No configuration to be loaded
2023-11-11 17:31:25.304 INFO edu.rit.croatia.iste422.g6.qf.controller.QueryfierManager:97 - Welcome Screen setup start
2023-11-11 17:31:25.622 INFO edu.rit.croatia.iste422.g6.qf.controller.QueryfierManager:261 - Welcome Screen Handlers setup start
2023-11-11 17:31:25.624 INFO edu.rit.croatia.iste422.g6.qf.controller.QueryfierManager:269 - Welcome Screen Handlers setup finish
2023-11-11 17:31:25.625 INFO edu.rit.croatia.iste422.g6.qf.controller.QueryfierManager:119 - Welcome Screen setup finish
2023-11-11 17:31:25.625 INFO edu.rit.croatia.iste422.g6.qf.controller.QueryfierManager:92 - Initialization finished
2023-11-11 17:31:26.540 INFO edu.rit.croatia.iste422.g6.qf.controller.handler.CreateProjectHandler:37 - Starting the opening of the file.
2023-11-11 17:31:29.176 INFO edu.rit.croatia.iste422.g6.qf.model.QueryfierStorage:73 - File loading started
2023-11-11 17:31:29.178 INFO edu.rit.croatia.iste422.g6.qf.model.QueryfierStorage:92 - File parsing initialized
2023-11-11 17:31:29.178 INFO edu.rit.croatia.iste422.g6.qf.io.parser.XMLFileParser:35 - XML File Parser has been selected!
2023-11-11 17:31:29.184 INFO edu.rit.croatia.iste422.g6.qf.model.QueryfierStorage:103 - File parsing successful
2023-11-11 17:31:29.184 INFO edu.rit.croatia.iste422.g6.qf.controller.handler.CreateProjectHandler:57 - Finished loading the file.
2023-11-11 17:31:29.330 INFO edu.rit.croatia.iste422.g6.qf.controller.QueryfierManager:124 - Attribute Editor Screen setup start
2023-11-11 17:31:29.405 INFO edu.rit.croatia.iste422.g6.qf.controller.QueryfierManager:273 - Attribute Editor Screen Handlers setup start
2023-11-11 17:31:29.406 INFO edu.rit.croatia.iste422.g6.qf.controller.QueryfierManager:236 - Menu Item Handlers setup start
2023-11-11 17:31:29.408 INFO edu.rit.croatia.iste422.g6.qf.controller.QueryfierManager:257 - Menu Item Handlers setup finish
2023-11-11 17:31:29.410 INFO edu.rit.croatia.iste422.g6.qf.controller.QueryfierManager:295 - Attribute Editor Screen Handlers setup finish
2023-11-11 17:31:29.410 INFO edu.rit.croatia.iste422.g6.qf.controller.QueryfierManager:168 - Attribute Editor Screen setup finish
2023-11-11 17:34:50.298 INFO edu.rit.croatia.iste422.g6.qf.controller.QueryfierManager:78 - Initialization started
2023-11-11 17:34:50.300 INFO edu.rit.croatia.iste422.g6.qf.model.app.QueryfierConfiguration:205 - No configuration to be loaded
2023-11-11 17:34:50.300 INFO edu.rit.croatia.iste422.g6.qf.controller.QueryfierManager:97 - Welcome Screen setup start
2023-11-11 17:34:50.630 INFO edu.rit.croatia.iste422.g6.qf.controller.QueryfierManager:267 - Welcome Screen Handlers setup start
2023-11-11 17:34:50.632 INFO edu.rit.croatia.iste422.g6.qf.controller.QueryfierManager:275 - Welcome Screen Handlers setup finish
2023-11-11 17:34:50.632 INFO edu.rit.croatia.iste422.g6.qf.controller.QueryfierManager:119 - Welcome Screen setup finish
2023-11-11 17:34:50.632 INFO edu.rit.croatia.iste422.g6.qf.controller.QueryfierManager:92 - Initialization finished
2023-11-11 17:34:51.726 INFO edu.rit.croatia.iste422.g6.qf.controller.handler.CreateProjectHandler:37 - Starting the opening of the file.
2023-11-11 17:34:54.335 INFO edu.rit.croatia.iste422.g6.qf.model.QueryfierStorage:73 - File loading started
2023-11-11 17:34:54.338 INFO edu.rit.croatia.iste422.g6.qf.model.QueryfierStorage:92 - File parsing initialized
2023-11-11 17:34:54.338 INFO edu.rit.croatia.iste422.g6.qf.io.parser.XMLFileParser:35 - XML File Parser has been selected!
2023-11-11 17:34:54.344 INFO edu.rit.croatia.iste422.g6.qf.model.QueryfierStorage:103 - File parsing successful
2023-11-11 17:34:54.344 INFO edu.rit.croatia.iste422.g6.qf.controller.handler.CreateProjectHandler:57 - Finished loading the file.
2023-11-11 17:34:54.488 INFO edu.rit.croatia.iste422.g6.qf.controller.QueryfierManager:123 - Attribute Editor Screen setup start
2023-11-11 17:39:54.635 INFO edu.rit.croatia.iste422.g6.qf.controller.QueryfierManager:78 - Initialization started
2023-11-11 17:39:54.637 INFO edu.rit.croatia.iste422.g6.qf.model.app.QueryfierConfiguration:205 - No configuration to be loaded
2023-11-11 17:39:54.637 INFO edu.rit.croatia.iste422.g6.qf.controller.QueryfierManager:97 - Welcome Screen setup start
2023-11-11 17:39:54.950 INFO edu.rit.croatia.iste422.g6.qf.controller.QueryfierManager:267 - Welcome Screen Handlers setup start
2023-11-11 17:39:54.952 INFO edu.rit.croatia.iste422.g6.qf.controller.QueryfierManager:275 - Welcome Screen Handlers setup finish
2023-11-11 17:39:54.952 INFO edu.rit.croatia.iste422.g6.qf.controller.QueryfierManager:119 - Welcome Screen setup finish
2023-11-11 17:39:54.952 INFO edu.rit.croatia.iste422.g6.qf.controller.QueryfierManager:92 - Initialization finished
2023-11-11 17:39:56.213 INFO edu.rit.croatia.iste422.g6.qf.controller.handler.CreateProjectHandler:37 - Starting the opening of the file.
2023-11-11 17:39:58.965 INFO edu.rit.croatia.iste422.g6.qf.model.QueryfierStorage:73 - File loading started
2023-11-11 17:39:58.968 INFO edu.rit.croatia.iste422.g6.qf.model.QueryfierStorage:92 - File parsing initialized
2023-11-11 17:39:58.968 INFO edu.rit.croatia.iste422.g6.qf.io.parser.XMLFileParser:35 - XML File Parser has been selected!
2023-11-11 17:39:58.973 INFO edu.rit.croatia.iste422.g6.qf.model.QueryfierStorage:103 - File parsing successful
2023-11-11 17:39:58.973 INFO edu.rit.croatia.iste422.g6.qf.controller.handler.CreateProjectHandler:57 - Finished loading the file.
2023-11-11 17:39:59.119 INFO edu.rit.croatia.iste422.g6.qf.controller.QueryfierManager:123 - Attribute Editor Screen setup start
2023-11-11 17:40:47.823 INFO edu.rit.croatia.iste422.g6.qf.controller.QueryfierManager:84 - Initialization started
2023-11-11 17:40:47.825 INFO edu.rit.croatia.iste422.g6.qf.model.app.QueryfierConfiguration:205 - No configuration to be loaded
2023-11-11 17:40:47.825 INFO edu.rit.croatia.iste422.g6.qf.controller.QueryfierManager:103 - Welcome Screen setup start
2023-11-11 17:40:48.123 INFO edu.rit.croatia.iste422.g6.qf.controller.QueryfierManager:273 - Welcome Screen Handlers setup start
2023-11-11 17:40:48.125 INFO edu.rit.croatia.iste422.g6.qf.controller.QueryfierManager:281 - Welcome Screen Handlers setup finish
2023-11-11 17:40:48.125 INFO edu.rit.croatia.iste422.g6.qf.controller.QueryfierManager:125 - Welcome Screen setup finish
2023-11-11 17:40:48.125 INFO edu.rit.croatia.iste422.g6.qf.controller.QueryfierManager:98 - Initialization finished
2023-11-11 17:40:48.780 INFO edu.rit.croatia.iste422.g6.qf.controller.handler.CreateProjectHandler:37 - Starting the opening of the file.
2023-11-11 17:40:50.943 INFO edu.rit.croatia.iste422.g6.qf.model.QueryfierStorage:73 - File loading started
2023-11-11 17:40:50.946 INFO edu.rit.croatia.iste422.g6.qf.model.QueryfierStorage:92 - File parsing initialized
2023-11-11 17:40:50.946 INFO edu.rit.croatia.iste422.g6.qf.io.parser.XMLFileParser:35 - XML File Parser has been selected!
2023-11-11 17:40:50.951 INFO edu.rit.croatia.iste422.g6.qf.model.QueryfierStorage:103 - File parsing successful
2023-11-11 17:40:50.952 INFO edu.rit.croatia.iste422.g6.qf.controller.handler.CreateProjectHandler:57 - Finished loading the file.
2023-11-11 17:40:51.088 INFO edu.rit.croatia.iste422.g6.qf.controller.QueryfierManager:129 - Attribute Editor Screen setup start
2023-11-11 17:45:11.272 INFO edu.rit.croatia.iste422.g6.qf.controller.QueryfierManager:84 - Initialization started
2023-11-11 17:45:11.274 INFO edu.rit.croatia.iste422.g6.qf.model.app.QueryfierConfiguration:205 - No configuration to be loaded
2023-11-11 17:45:11.275 INFO edu.rit.croatia.iste422.g6.qf.controller.QueryfierManager:103 - Welcome Screen setup start
2023-11-11 17:45:11.606 INFO edu.rit.croatia.iste422.g6.qf.controller.QueryfierManager:274 - Welcome Screen Handlers setup start
2023-11-11 17:45:11.608 INFO edu.rit.croatia.iste422.g6.qf.controller.QueryfierManager:282 - Welcome Screen Handlers setup finish
2023-11-11 17:45:11.608 INFO edu.rit.croatia.iste422.g6.qf.controller.QueryfierManager:125 - Welcome Screen setup finish
2023-11-11 17:45:11.609 INFO edu.rit.croatia.iste422.g6.qf.controller.QueryfierManager:98 - Initialization finished
2023-11-11 17:45:12.453 INFO edu.rit.croatia.iste422.g6.qf.controller.handler.CreateProjectHandler:37 - Starting the opening of the file.
2023-11-11 17:45:15.281 INFO edu.rit.croatia.iste422.g6.qf.model.QueryfierStorage:73 - File loading started
2023-11-11 17:45:15.285 INFO edu.rit.croatia.iste422.g6.qf.model.QueryfierStorage:92 - File parsing initialized
2023-11-11 17:45:15.285 INFO edu.rit.croatia.iste422.g6.qf.io.parser.XMLFileParser:35 - XML File Parser has been selected!
2023-11-11 17:45:15.291 INFO edu.rit.croatia.iste422.g6.qf.model.QueryfierStorage:103 - File parsing successful
2023-11-11 17:45:15.292 INFO edu.rit.croatia.iste422.g6.qf.controller.handler.CreateProjectHandler:57 - Finished loading the file.
2023-11-11 17:45:15.440 INFO edu.rit.croatia.iste422.g6.qf.controller.QueryfierManager:129 - Attribute Editor Screen setup start
2023-11-11 17:58:18.753 INFO edu.rit.croatia.iste422.g6.qf.controller.QueryfierManager:85 - Initialization started
2023-11-11 17:58:18.754 INFO edu.rit.croatia.iste422.g6.qf.model.app.QueryfierConfiguration:205 - No configuration to be loaded
2023-11-11 17:58:18.755 INFO edu.rit.croatia.iste422.g6.qf.controller.QueryfierManager:104 - Welcome Screen setup start
2023-11-11 17:58:19.088 INFO edu.rit.croatia.iste422.g6.qf.controller.QueryfierManager:275 - Welcome Screen Handlers setup start
2023-11-11 17:58:19.090 INFO edu.rit.croatia.iste422.g6.qf.controller.QueryfierManager:283 - Welcome Screen Handlers setup finish
2023-11-11 17:58:19.090 INFO edu.rit.croatia.iste422.g6.qf.controller.QueryfierManager:126 - Welcome Screen setup finish
2023-11-11 17:58:19.090 INFO edu.rit.croatia.iste422.g6.qf.controller.QueryfierManager:99 - Initialization finished
2023-11-11 17:58:19.971 INFO edu.rit.croatia.iste422.g6.qf.controller.handler.CreateProjectHandler:37 - Starting the opening of the file.
2023-11-11 17:58:22.733 INFO edu.rit.croatia.iste422.g6.qf.model.QueryfierStorage:73 - File loading started
2023-11-11 17:58:22.735 INFO edu.rit.croatia.iste422.g6.qf.model.QueryfierStorage:92 - File parsing initialized
2023-11-11 17:58:22.735 INFO edu.rit.croatia.iste422.g6.qf.io.parser.XMLFileParser:35 - XML File Parser has been selected!
2023-11-11 17:58:22.738 INFO edu.rit.croatia.iste422.g6.qf.model.QueryfierStorage:103 - File parsing successful
2023-11-11 17:58:22.739 INFO edu.rit.croatia.iste422.g6.qf.controller.handler.CreateProjectHandler:57 - Finished loading the file.
2023-11-11 17:58:22.865 INFO edu.rit.croatia.iste422.g6.qf.controller.QueryfierManager:130 - Attribute Editor Screen setup start
2023-11-11 18:01:48.469 INFO edu.rit.croatia.iste422.g6.qf.controller.QueryfierManager:85 - Initialization started
2023-11-11 18:01:48.471 INFO edu.rit.croatia.iste422.g6.qf.model.app.QueryfierConfiguration:205 - No configuration to be loaded
2023-11-11 18:01:48.471 INFO edu.rit.croatia.iste422.g6.qf.controller.QueryfierManager:104 - Welcome Screen setup start
2023-11-11 18:01:48.804 INFO edu.rit.croatia.iste422.g6.qf.controller.QueryfierManager:275 - Welcome Screen Handlers setup start
2023-11-11 18:01:48.806 INFO edu.rit.croatia.iste422.g6.qf.controller.QueryfierManager:283 - Welcome Screen Handlers setup finish
2023-11-11 18:01:48.806 INFO edu.rit.croatia.iste422.g6.qf.controller.QueryfierManager:126 - Welcome Screen setup finish
2023-11-11 18:01:48.806 INFO edu.rit.croatia.iste422.g6.qf.controller.QueryfierManager:99 - Initialization finished
2023-11-11 18:01:49.657 INFO edu.rit.croatia.iste422.g6.qf.controller.handler.CreateProjectHandler:37 - Starting the opening of the file.
2023-11-11 18:01:52.630 INFO edu.rit.croatia.iste422.g6.qf.model.QueryfierStorage:73 - File loading started
2023-11-11 18:01:52.633 INFO edu.rit.croatia.iste422.g6.qf.model.QueryfierStorage:92 - File parsing initialized
2023-11-11 18:01:52.633 INFO edu.rit.croatia.iste422.g6.qf.io.parser.XMLFileParser:35 - XML File Parser has been selected!
2023-11-11 18:01:52.637 INFO edu.rit.croatia.iste422.g6.qf.model.QueryfierStorage:103 - File parsing successful
2023-11-11 18:01:52.637 INFO edu.rit.croatia.iste422.g6.qf.controller.handler.CreateProjectHandler:57 - Finished loading the file.
2023-11-11 18:01:52.762 INFO edu.rit.croatia.iste422.g6.qf.controller.QueryfierManager:130 - Attribute Editor Screen setup start
2023-11-11 18:04:09.592 INFO edu.rit.croatia.iste422.g6.qf.controller.QueryfierManager:78 - Initialization started
2023-11-11 18:04:09.594 INFO edu.rit.croatia.iste422.g6.qf.model.app.QueryfierConfiguration:205 - No configuration to be loaded
2023-11-11 18:04:09.595 INFO edu.rit.croatia.iste422.g6.qf.controller.QueryfierManager:97 - Welcome Screen setup start
2023-11-11 18:04:09.906 INFO edu.rit.croatia.iste422.g6.qf.controller.QueryfierManager:261 - Welcome Screen Handlers setup start
2023-11-11 18:04:09.908 INFO edu.rit.croatia.iste422.g6.qf.controller.QueryfierManager:269 - Welcome Screen Handlers setup finish
2023-11-11 18:04:09.908 INFO edu.rit.croatia.iste422.g6.qf.controller.QueryfierManager:119 - Welcome Screen setup finish
2023-11-11 18:04:09.908 INFO edu.rit.croatia.iste422.g6.qf.controller.QueryfierManager:92 - Initialization finished
2023-11-11 18:04:10.978 INFO edu.rit.croatia.iste422.g6.qf.controller.handler.CreateProjectHandler:37 - Starting the opening of the file.
2023-11-11 18:04:14.261 INFO edu.rit.croatia.iste422.g6.qf.model.QueryfierStorage:73 - File loading started
2023-11-11 18:04:14.264 INFO edu.rit.croatia.iste422.g6.qf.model.QueryfierStorage:92 - File parsing initialized
2023-11-11 18:04:14.264 INFO edu.rit.croatia.iste422.g6.qf.io.parser.XMLFileParser:35 - XML File Parser has been selected!
2023-11-11 18:04:14.269 INFO edu.rit.croatia.iste422.g6.qf.model.QueryfierStorage:103 - File parsing successful
2023-11-11 18:04:14.269 INFO edu.rit.croatia.iste422.g6.qf.controller.handler.CreateProjectHandler:57 - Finished loading the file.
2023-11-11 18:04:14.413 INFO edu.rit.croatia.iste422.g6.qf.controller.QueryfierManager:124 - Attribute Editor Screen setup start
2023-11-11 18:04:14.494 INFO edu.rit.croatia.iste422.g6.qf.controller.QueryfierManager:273 - Attribute Editor Screen Handlers setup start
2023-11-11 18:04:14.494 INFO edu.rit.croatia.iste422.g6.qf.controller.QueryfierManager:236 - Menu Item Handlers setup start
2023-11-11 18:04:14.496 INFO edu.rit.croatia.iste422.g6.qf.controller.QueryfierManager:257 - Menu Item Handlers setup finish
2023-11-11 18:04:14.498 INFO edu.rit.croatia.iste422.g6.qf.controller.QueryfierManager:295 - Attribute Editor Screen Handlers setup finish
2023-11-11 18:04:14.498 INFO edu.rit.croatia.iste422.g6.qf.controller.QueryfierManager:168 - Attribute Editor Screen setup finish
2023-11-11 18:19:42.085 INFO edu.rit.croatia.iste422.g6.qf.controller.QueryfierManager:200 - Entity Relations Editor Screen setup start
2023-11-11 18:19:42.196 INFO edu.rit.croatia.iste422.g6.qf.controller.QueryfierManager:299 - Entity Relations Editor Screen Handlers setup start
2023-11-11 18:19:42.196 INFO edu.rit.croatia.iste422.g6.qf.controller.QueryfierManager:236 - Menu Item Handlers setup start
2023-11-11 18:19:42.196 INFO edu.rit.croatia.iste422.g6.qf.controller.QueryfierManager:257 - Menu Item Handlers setup finish
2023-11-11 18:19:42.197 INFO edu.rit.croatia.iste422.g6.qf.controller.QueryfierManager:307 - Entity Relations Editor Screen Handlers setup finish
2023-11-11 18:19:42.197 INFO edu.rit.croatia.iste422.g6.qf.controller.QueryfierManager:222 - Entity Relations Editor Screen setup finish
2023-11-11 18:36:53.820 INFO edu.rit.croatia.iste422.g6.qf.controller.QueryfierManager:78 - Initialization started
2023-11-11 18:36:53.824 INFO edu.rit.croatia.iste422.g6.qf.model.app.QueryfierConfiguration:205 - No configuration to be loaded
2023-11-11 18:36:53.824 INFO edu.rit.croatia.iste422.g6.qf.controller.QueryfierManager:97 - Welcome Screen setup start
2023-11-11 18:36:54.192 INFO edu.rit.croatia.iste422.g6.qf.controller.QueryfierManager:268 - Welcome Screen Handlers setup start
2023-11-11 18:36:54.194 INFO edu.rit.croatia.iste422.g6.qf.controller.QueryfierManager:276 - Welcome Screen Handlers setup finish
2023-11-11 18:36:54.194 INFO edu.rit.croatia.iste422.g6.qf.controller.QueryfierManager:119 - Welcome Screen setup finish
2023-11-11 18:36:54.194 INFO edu.rit.croatia.iste422.g6.qf.controller.QueryfierManager:92 - Initialization finished
2023-11-11 18:36:55.828 INFO edu.rit.croatia.iste422.g6.qf.controller.handler.CreateProjectHandler:37 - Starting the opening of the file.
2023-11-11 18:36:58.789 INFO edu.rit.croatia.iste422.g6.qf.model.QueryfierStorage:73 - File loading started
2023-11-11 18:36:58.792 INFO edu.rit.croatia.iste422.g6.qf.model.QueryfierStorage:92 - File parsing initialized
2023-11-11 18:36:58.792 INFO edu.rit.croatia.iste422.g6.qf.io.parser.XMLFileParser:35 - XML File Parser has been selected!
2023-11-11 18:36:58.796 INFO edu.rit.croatia.iste422.g6.qf.model.QueryfierStorage:103 - File parsing successful
2023-11-11 18:36:58.797 INFO edu.rit.croatia.iste422.g6.qf.controller.handler.CreateProjectHandler:57 - Finished loading the file.
2023-11-11 18:37:02.213 INFO edu.rit.croatia.iste422.g6.qf.model.app.QueryfierConfiguration:83 - Configuration saving initiated
2023-11-11 18:37:02.268 INFO edu.rit.croatia.iste422.g6.qf.model.app.QueryfierConfiguration:131 - Configuration saving finalized
2023-11-11 18:38:48.939 INFO edu.rit.croatia.iste422.g6.qf.controller.QueryfierManager:78 - Initialization started
2023-11-11 18:38:48.941 INFO edu.rit.croatia.iste422.g6.qf.model.app.QueryfierConfiguration:211 - Configuration loading initiated
2023-11-11 18:38:48.943 INFO edu.rit.croatia.iste422.g6.qf.model.app.QueryfierConfiguration:253 - Configuration loading finalized
2023-11-11 18:38:48.943 INFO edu.rit.croatia.iste422.g6.qf.controller.QueryfierManager:97 - Welcome Screen setup start
2023-11-11 18:38:49.261 INFO edu.rit.croatia.iste422.g6.qf.controller.QueryfierManager:270 - Welcome Screen Handlers setup start
2023-11-11 18:38:49.262 INFO edu.rit.croatia.iste422.g6.qf.controller.QueryfierManager:278 - Welcome Screen Handlers setup finish
2023-11-11 18:38:49.262 INFO edu.rit.croatia.iste422.g6.qf.controller.QueryfierManager:119 - Welcome Screen setup finish
2023-11-11 18:38:49.263 INFO edu.rit.croatia.iste422.g6.qf.controller.QueryfierManager:92 - Initialization finished
2023-11-11 18:38:50.413 INFO edu.rit.croatia.iste422.g6.qf.controller.handler.CreateProjectHandler:37 - Starting the opening of the file.
2023-11-11 18:38:53.071 INFO edu.rit.croatia.iste422.g6.qf.model.QueryfierStorage:73 - File loading started
2023-11-11 18:38:53.073 INFO edu.rit.croatia.iste422.g6.qf.model.QueryfierStorage:92 - File parsing initialized
2023-11-11 18:38:53.073 INFO edu.rit.croatia.iste422.g6.qf.io.parser.XMLFileParser:35 - XML File Parser has been selected!
2023-11-11 18:38:53.077 INFO edu.rit.croatia.iste422.g6.qf.model.QueryfierStorage:103 - File parsing successful
2023-11-11 18:38:53.077 INFO edu.rit.croatia.iste422.g6.qf.controller.handler.CreateProjectHandler:57 - Finished loading the file.
2023-11-11 18:38:53.204 INFO edu.rit.croatia.iste422.g6.qf.controller.QueryfierManager:124 - Attribute Editor Screen setup start
2023-11-11 18:38:53.279 INFO edu.rit.croatia.iste422.g6.qf.controller.QueryfierManager:282 - Attribute Editor Screen Handlers setup start
2023-11-11 18:38:53.279 INFO edu.rit.croatia.iste422.g6.qf.controller.QueryfierManager:245 - Menu Item Handlers setup start
2023-11-11 18:38:53.280 INFO edu.rit.croatia.iste422.g6.qf.controller.QueryfierManager:266 - Menu Item Handlers setup finish
2023-11-11 18:38:53.282 INFO edu.rit.croatia.iste422.g6.qf.controller.QueryfierManager:304 - Attribute Editor Screen Handlers setup finish
2023-11-11 18:38:53.282 INFO edu.rit.croatia.iste422.g6.qf.controller.QueryfierManager:177 - Attribute Editor Screen setup finish
2023-11-11 18:39:58.103 INFO edu.rit.croatia.iste422.g6.qf.controller.QueryfierManager:78 - Initialization started
2023-11-11 18:39:58.105 INFO edu.rit.croatia.iste422.g6.qf.model.app.QueryfierConfiguration:211 - Configuration loading initiated
2023-11-11 18:39:58.107 INFO edu.rit.croatia.iste422.g6.qf.model.app.QueryfierConfiguration:253 - Configuration loading finalized
2023-11-11 18:39:58.107 INFO edu.rit.croatia.iste422.g6.qf.controller.QueryfierManager:97 - Welcome Screen setup start
2023-11-11 18:39:58.460 INFO edu.rit.croatia.iste422.g6.qf.controller.QueryfierManager:270 - Welcome Screen Handlers setup start
2023-11-11 18:39:58.462 INFO edu.rit.croatia.iste422.g6.qf.controller.QueryfierManager:278 - Welcome Screen Handlers setup finish
2023-11-11 18:39:58.462 INFO edu.rit.croatia.iste422.g6.qf.controller.QueryfierManager:119 - Welcome Screen setup finish
2023-11-11 18:39:58.462 INFO edu.rit.croatia.iste422.g6.qf.controller.QueryfierManager:92 - Initialization finished
2023-11-11 18:39:59.631 INFO edu.rit.croatia.iste422.g6.qf.controller.handler.CreateProjectHandler:37 - Starting the opening of the file.
2023-11-11 18:40:02.473 INFO edu.rit.croatia.iste422.g6.qf.model.QueryfierStorage:73 - File loading started
2023-11-11 18:40:02.476 INFO edu.rit.croatia.iste422.g6.qf.model.QueryfierStorage:92 - File parsing initialized
2023-11-11 18:40:02.476 INFO edu.rit.croatia.iste422.g6.qf.io.parser.XMLFileParser:35 - XML File Parser has been selected!
2023-11-11 18:40:02.481 INFO edu.rit.croatia.iste422.g6.qf.model.QueryfierStorage:103 - File parsing successful
2023-11-11 18:40:02.481 INFO edu.rit.croatia.iste422.g6.qf.controller.handler.CreateProjectHandler:57 - Finished loading the file.
2023-11-11 18:40:02.614 INFO edu.rit.croatia.iste422.g6.qf.controller.QueryfierManager:124 - Attribute Editor Screen setup start
2023-11-11 18:40:02.687 INFO edu.rit.croatia.iste422.g6.qf.controller.QueryfierManager:282 - Attribute Editor Screen Handlers setup start
2023-11-11 18:40:02.687 INFO edu.rit.croatia.iste422.g6.qf.controller.QueryfierManager:245 - Menu Item Handlers setup start
2023-11-11 18:40:02.690 INFO edu.rit.croatia.iste422.g6.qf.controller.QueryfierManager:266 - Menu Item Handlers setup finish
2023-11-11 18:40:02.692 INFO edu.rit.croatia.iste422.g6.qf.controller.QueryfierManager:304 - Attribute Editor Screen Handlers setup finish
2023-11-11 18:40:02.692 INFO edu.rit.croatia.iste422.g6.qf.controller.QueryfierManager:177 - Attribute Editor Screen setup finish
2023-11-11 18:40:51.225 INFO edu.rit.croatia.iste422.g6.qf.controller.QueryfierManager:78 - Initialization started
2023-11-11 18:40:51.227 INFO edu.rit.croatia.iste422.g6.qf.model.app.QueryfierConfiguration:211 - Configuration loading initiated
2023-11-11 18:40:51.229 INFO edu.rit.croatia.iste422.g6.qf.model.app.QueryfierConfiguration:253 - Configuration loading finalized
2023-11-11 18:40:51.229 INFO edu.rit.croatia.iste422.g6.qf.controller.QueryfierManager:97 - Welcome Screen setup start
2023-11-11 18:40:51.498 INFO edu.rit.croatia.iste422.g6.qf.controller.QueryfierManager:270 - Welcome Screen Handlers setup start
2023-11-11 18:40:51.500 INFO edu.rit.croatia.iste422.g6.qf.controller.QueryfierManager:278 - Welcome Screen Handlers setup finish
2023-11-11 18:40:51.500 INFO edu.rit.croatia.iste422.g6.qf.controller.QueryfierManager:119 - Welcome Screen setup finish
2023-11-11 18:40:51.500 INFO edu.rit.croatia.iste422.g6.qf.controller.QueryfierManager:92 - Initialization finished
2023-11-11 18:40:52.949 INFO edu.rit.croatia.iste422.g6.qf.controller.handler.CreateProjectHandler:37 - Starting the opening of the file.
2023-11-11 18:40:55.351 INFO edu.rit.croatia.iste422.g6.qf.model.QueryfierStorage:73 - File loading started
2023-11-11 18:40:55.354 INFO edu.rit.croatia.iste422.g6.qf.model.QueryfierStorage:92 - File parsing initialized
2023-11-11 18:40:55.354 INFO edu.rit.croatia.iste422.g6.qf.io.parser.XMLFileParser:35 - XML File Parser has been selected!
2023-11-11 18:40:55.360 INFO edu.rit.croatia.iste422.g6.qf.model.QueryfierStorage:103 - File parsing successful
2023-11-11 18:40:55.360 INFO edu.rit.croatia.iste422.g6.qf.controller.handler.CreateProjectHandler:57 - Finished loading the file.
2023-11-11 18:40:55.500 INFO edu.rit.croatia.iste422.g6.qf.controller.QueryfierManager:124 - Attribute Editor Screen setup start
2023-11-11 18:40:55.578 INFO edu.rit.croatia.iste422.g6.qf.controller.QueryfierManager:282 - Attribute Editor Screen Handlers setup start
2023-11-11 18:40:55.578 INFO edu.rit.croatia.iste422.g6.qf.controller.QueryfierManager:245 - Menu Item Handlers setup start
2023-11-11 18:40:55.581 INFO edu.rit.croatia.iste422.g6.qf.controller.QueryfierManager:266 - Menu Item Handlers setup finish
2023-11-11 18:40:55.583 INFO edu.rit.croatia.iste422.g6.qf.controller.QueryfierManager:304 - Attribute Editor Screen Handlers setup finish
2023-11-11 18:40:55.583 INFO edu.rit.croatia.iste422.g6.qf.controller.QueryfierManager:177 - Attribute Editor Screen setup finish
2023-11-11 18:41:15.370 INFO edu.rit.croatia.iste422.g6.qf.controller.QueryfierManager:78 - Initialization started
2023-11-11 18:41:15.374 INFO edu.rit.croatia.iste422.g6.qf.model.app.QueryfierConfiguration:211 - Configuration loading initiated
2023-11-11 18:41:15.378 INFO edu.rit.croatia.iste422.g6.qf.model.app.QueryfierConfiguration:253 - Configuration loading finalized
2023-11-11 18:41:15.378 INFO edu.rit.croatia.iste422.g6.qf.controller.QueryfierManager:97 - Welcome Screen setup start
2023-11-11 18:41:15.651 INFO edu.rit.croatia.iste422.g6.qf.controller.QueryfierManager:270 - Welcome Screen Handlers setup start
2023-11-11 18:41:15.653 INFO edu.rit.croatia.iste422.g6.qf.controller.QueryfierManager:278 - Welcome Screen Handlers setup finish
2023-11-11 18:41:15.653 INFO edu.rit.croatia.iste422.g6.qf.controller.QueryfierManager:119 - Welcome Screen setup finish
2023-11-11 18:41:15.653 INFO edu.rit.croatia.iste422.g6.qf.controller.QueryfierManager:92 - Initialization finished
2023-11-11 18:41:53.784 INFO edu.rit.croatia.iste422.g6.qf.controller.handler.CreateProjectHandler:37 - Starting the opening of the file.
2023-11-11 18:41:56.694 INFO edu.rit.croatia.iste422.g6.qf.model.QueryfierStorage:73 - File loading started
2023-11-11 18:41:56.696 INFO edu.rit.croatia.iste422.g6.qf.model.QueryfierStorage:92 - File parsing initialized
2023-11-11 18:41:56.696 INFO edu.rit.croatia.iste422.g6.qf.io.parser.XMLFileParser:35 - XML File Parser has been selected!
2023-11-11 18:41:56.700 INFO edu.rit.croatia.iste422.g6.qf.model.QueryfierStorage:103 - File parsing successful
2023-11-11 18:41:56.700 INFO edu.rit.croatia.iste422.g6.qf.controller.handler.CreateProjectHandler:57 - Finished loading the file.
2023-11-11 18:41:56.844 INFO edu.rit.croatia.iste422.g6.qf.controller.QueryfierManager:124 - Attribute Editor Screen setup start
2023-11-11 18:41:56.923 INFO edu.rit.croatia.iste422.g6.qf.controller.QueryfierManager:282 - Attribute Editor Screen Handlers setup start
2023-11-11 18:41:56.923 INFO edu.rit.croatia.iste422.g6.qf.controller.QueryfierManager:245 - Menu Item Handlers setup start
2023-11-11 18:41:56.926 INFO edu.rit.croatia.iste422.g6.qf.controller.QueryfierManager:266 - Menu Item Handlers setup finish
2023-11-11 18:41:56.928 INFO edu.rit.croatia.iste422.g6.qf.controller.QueryfierManager:304 - Attribute Editor Screen Handlers setup finish
2023-11-11 18:41:56.928 INFO edu.rit.croatia.iste422.g6.qf.controller.QueryfierManager:177 - Attribute Editor Screen setup finish
2023-11-11 18:42:37.278 INFO edu.rit.croatia.iste422.g6.qf.controller.QueryfierManager:78 - Initialization started
2023-11-11 18:42:37.281 INFO edu.rit.croatia.iste422.g6.qf.model.app.QueryfierConfiguration:211 - Configuration loading initiated
2023-11-11 18:42:37.283 INFO edu.rit.croatia.iste422.g6.qf.model.app.QueryfierConfiguration:253 - Configuration loading finalized
2023-11-11 18:42:37.283 INFO edu.rit.croatia.iste422.g6.qf.controller.QueryfierManager:97 - Welcome Screen setup start
2023-11-11 18:42:37.553 INFO edu.rit.croatia.iste422.g6.qf.controller.QueryfierManager:270 - Welcome Screen Handlers setup start
2023-11-11 18:42:37.556 INFO edu.rit.croatia.iste422.g6.qf.controller.QueryfierManager:278 - Welcome Screen Handlers setup finish
2023-11-11 18:42:37.556 INFO edu.rit.croatia.iste422.g6.qf.controller.QueryfierManager:119 - Welcome Screen setup finish
2023-11-11 18:42:37.556 INFO edu.rit.croatia.iste422.g6.qf.controller.QueryfierManager:92 - Initialization finished
2023-11-11 18:42:38.545 INFO edu.rit.croatia.iste422.g6.qf.controller.handler.CreateProjectHandler:37 - Starting the opening of the file.
2023-11-11 18:42:41.214 INFO edu.rit.croatia.iste422.g6.qf.model.QueryfierStorage:73 - File loading started
2023-11-11 18:42:41.217 INFO edu.rit.croatia.iste422.g6.qf.model.QueryfierStorage:92 - File parsing initialized
2023-11-11 18:42:41.217 INFO edu.rit.croatia.iste422.g6.qf.io.parser.XMLFileParser:35 - XML File Parser has been selected!
2023-11-11 18:42:41.222 INFO edu.rit.croatia.iste422.g6.qf.model.QueryfierStorage:103 - File parsing successful
2023-11-11 18:42:41.223 INFO edu.rit.croatia.iste422.g6.qf.controller.handler.CreateProjectHandler:57 - Finished loading the file.
2023-11-11 18:42:41.359 INFO edu.rit.croatia.iste422.g6.qf.controller.QueryfierManager:124 - Attribute Editor Screen setup start
2023-11-11 18:42:41.434 INFO edu.rit.croatia.iste422.g6.qf.controller.QueryfierManager:282 - Attribute Editor Screen Handlers setup start
2023-11-11 18:42:41.434 INFO edu.rit.croatia.iste422.g6.qf.controller.QueryfierManager:245 - Menu Item Handlers setup start
2023-11-11 18:42:41.437 INFO edu.rit.croatia.iste422.g6.qf.controller.QueryfierManager:266 - Menu Item Handlers setup finish
2023-11-11 18:42:41.438 INFO edu.rit.croatia.iste422.g6.qf.controller.QueryfierManager:304 - Attribute Editor Screen Handlers setup finish
2023-11-11 18:42:41.439 INFO edu.rit.croatia.iste422.g6.qf.controller.QueryfierManager:177 - Attribute Editor Screen setup finish
2023-11-11 18:43:00.566 INFO edu.rit.croatia.iste422.g6.qf.model.QueryfierStorage:125 - Export file initialized
2023-11-11 18:43:00.575 INFO edu.rit.croatia.iste422.g6.qf.model.QueryfierStorage:142 - Export file successful
2023-11-11 18:45:48.733 INFO edu.rit.croatia.iste422.g6.qf.model.QueryfierStorage:73 - File loading started
2023-11-11 18:45:48.735 INFO edu.rit.croatia.iste422.g6.qf.model.QueryfierStorage:92 - File parsing initialized
2023-11-11 18:45:48.735 INFO edu.rit.croatia.iste422.g6.qf.io.parser.XMLFileParser:35 - XML File Parser has been selected!
2023-11-11 18:45:48.738 INFO edu.rit.croatia.iste422.g6.qf.model.QueryfierStorage:103 - File parsing successful
2023-11-11 18:45:48.788 INFO edu.rit.croatia.iste422.g6.qf.controller.QueryfierManager:124 - Attribute Editor Screen setup start
2023-11-11 18:45:48.828 INFO edu.rit.croatia.iste422.g6.qf.controller.QueryfierManager:282 - Attribute Editor Screen Handlers setup start
2023-11-11 18:45:48.828 INFO edu.rit.croatia.iste422.g6.qf.controller.QueryfierManager:245 - Menu Item Handlers setup start
2023-11-11 18:45:48.828 INFO edu.rit.croatia.iste422.g6.qf.controller.QueryfierManager:266 - Menu Item Handlers setup finish
2023-11-11 18:45:48.829 INFO edu.rit.croatia.iste422.g6.qf.controller.QueryfierManager:304 - Attribute Editor Screen Handlers setup finish
2023-11-11 18:45:48.829 INFO edu.rit.croatia.iste422.g6.qf.controller.QueryfierManager:177 - Attribute Editor Screen setup finish
2023-11-11 18:47:03.803 INFO edu.rit.croatia.iste422.g6.qf.controller.QueryfierManager:78 - Initialization started
2023-11-11 18:47:03.806 INFO edu.rit.croatia.iste422.g6.qf.model.app.QueryfierConfiguration:211 - Configuration loading initiated
2023-11-11 18:47:03.808 INFO edu.rit.croatia.iste422.g6.qf.model.app.QueryfierConfiguration:253 - Configuration loading finalized
2023-11-11 18:47:03.808 INFO edu.rit.croatia.iste422.g6.qf.controller.QueryfierManager:97 - Welcome Screen setup start
2023-11-11 18:47:04.133 INFO edu.rit.croatia.iste422.g6.qf.controller.QueryfierManager:270 - Welcome Screen Handlers setup start
2023-11-11 18:47:04.135 INFO edu.rit.croatia.iste422.g6.qf.controller.QueryfierManager:278 - Welcome Screen Handlers setup finish
2023-11-11 18:47:04.135 INFO edu.rit.croatia.iste422.g6.qf.controller.QueryfierManager:119 - Welcome Screen setup finish
2023-11-11 18:47:04.135 INFO edu.rit.croatia.iste422.g6.qf.controller.QueryfierManager:92 - Initialization finished
2023-11-11 18:47:05.093 INFO edu.rit.croatia.iste422.g6.qf.controller.handler.CreateProjectHandler:37 - Starting the opening of the file.
2023-11-11 18:47:08.941 INFO edu.rit.croatia.iste422.g6.qf.model.QueryfierStorage:73 - File loading started
2023-11-11 18:47:08.944 INFO edu.rit.croatia.iste422.g6.qf.model.QueryfierStorage:92 - File parsing initialized
2023-11-11 18:47:08.944 INFO edu.rit.croatia.iste422.g6.qf.io.parser.XMLFileParser:35 - XML File Parser has been selected!
2023-11-11 18:47:08.949 INFO edu.rit.croatia.iste422.g6.qf.model.QueryfierStorage:103 - File parsing successful
2023-11-11 18:47:08.950 INFO edu.rit.croatia.iste422.g6.qf.controller.handler.CreateProjectHandler:57 - Finished loading the file.
2023-11-11 18:47:09.093 INFO edu.rit.croatia.iste422.g6.qf.controller.QueryfierManager:124 - Attribute Editor Screen setup start
2023-11-11 18:47:09.175 INFO edu.rit.croatia.iste422.g6.qf.controller.QueryfierManager:282 - Attribute Editor Screen Handlers setup start
2023-11-11 18:47:09.176 INFO edu.rit.croatia.iste422.g6.qf.controller.QueryfierManager:245 - Menu Item Handlers setup start
2023-11-11 18:47:09.178 INFO edu.rit.croatia.iste422.g6.qf.controller.QueryfierManager:266 - Menu Item Handlers setup finish
2023-11-11 18:47:09.181 INFO edu.rit.croatia.iste422.g6.qf.controller.QueryfierManager:304 - Attribute Editor Screen Handlers setup finish
2023-11-11 18:47:09.181 INFO edu.rit.croatia.iste422.g6.qf.controller.QueryfierManager:177 - Attribute Editor Screen setup finish
2023-11-11 18:47:55.076 INFO edu.rit.croatia.iste422.g6.qf.controller.QueryfierManager:78 - Initialization started
2023-11-11 18:47:55.078 INFO edu.rit.croatia.iste422.g6.qf.model.app.QueryfierConfiguration:211 - Configuration loading initiated
2023-11-11 18:47:55.079 INFO edu.rit.croatia.iste422.g6.qf.model.app.QueryfierConfiguration:253 - Configuration loading finalized
2023-11-11 18:47:55.080 INFO edu.rit.croatia.iste422.g6.qf.controller.QueryfierManager:97 - Welcome Screen setup start
2023-11-11 18:47:55.362 INFO edu.rit.croatia.iste422.g6.qf.controller.QueryfierManager:270 - Welcome Screen Handlers setup start
2023-11-11 18:47:55.363 INFO edu.rit.croatia.iste422.g6.qf.controller.QueryfierManager:278 - Welcome Screen Handlers setup finish
2023-11-11 18:47:55.363 INFO edu.rit.croatia.iste422.g6.qf.controller.QueryfierManager:119 - Welcome Screen setup finish
2023-11-11 18:47:55.363 INFO edu.rit.croatia.iste422.g6.qf.controller.QueryfierManager:92 - Initialization finished
2023-11-11 18:47:59.431 INFO edu.rit.croatia.iste422.g6.qf.controller.handler.CreateProjectHandler:37 - Starting the opening of the file.
2023-11-11 18:48:01.878 INFO edu.rit.croatia.iste422.g6.qf.model.QueryfierStorage:73 - File loading started
2023-11-11 18:48:01.882 INFO edu.rit.croatia.iste422.g6.qf.model.QueryfierStorage:92 - File parsing initialized
2023-11-11 18:48:01.882 INFO edu.rit.croatia.iste422.g6.qf.io.parser.XMLFileParser:35 - XML File Parser has been selected!
2023-11-11 18:48:01.888 INFO edu.rit.croatia.iste422.g6.qf.model.QueryfierStorage:103 - File parsing successful
2023-11-11 18:48:01.888 INFO edu.rit.croatia.iste422.g6.qf.controller.handler.CreateProjectHandler:57 - Finished loading the file.
2023-11-11 18:48:02.028 INFO edu.rit.croatia.iste422.g6.qf.controller.QueryfierManager:124 - Attribute Editor Screen setup start
2023-11-11 18:48:02.105 INFO edu.rit.croatia.iste422.g6.qf.controller.QueryfierManager:282 - Attribute Editor Screen Handlers setup start
2023-11-11 18:48:02.105 INFO edu.rit.croatia.iste422.g6.qf.controller.QueryfierManager:245 - Menu Item Handlers setup start
2023-11-11 18:48:02.107 INFO edu.rit.croatia.iste422.g6.qf.controller.QueryfierManager:266 - Menu Item Handlers setup finish
2023-11-11 18:48:02.110 INFO edu.rit.croatia.iste422.g6.qf.controller.QueryfierManager:304 - Attribute Editor Screen Handlers setup finish
2023-11-11 18:48:02.110 INFO edu.rit.croatia.iste422.g6.qf.controller.QueryfierManager:177 - Attribute Editor Screen setup finish
2023-11-11 18:48:08.449 INFO edu.rit.croatia.iste422.g6.qf.model.app.QueryfierConfiguration:83 - Configuration saving initiated
2023-11-11 18:48:08.506 INFO edu.rit.croatia.iste422.g6.qf.model.app.QueryfierConfiguration:131 - Configuration saving finalized
2023-11-11 18:48:10.133 INFO edu.rit.croatia.iste422.g6.qf.model.app.QueryfierConfiguration:83 - Configuration saving initiated
2023-11-11 18:48:10.189 INFO edu.rit.croatia.iste422.g6.qf.model.app.QueryfierConfiguration:131 - Configuration saving finalized
2023-11-11 18:48:27.357 INFO edu.rit.croatia.iste422.g6.qf.controller.QueryfierManager:78 - Initialization started
2023-11-11 18:48:27.359 INFO edu.rit.croatia.iste422.g6.qf.model.app.QueryfierConfiguration:211 - Configuration loading initiated
2023-11-11 18:48:27.361 INFO edu.rit.croatia.iste422.g6.qf.model.app.QueryfierConfiguration:253 - Configuration loading finalized
2023-11-11 18:48:27.361 INFO edu.rit.croatia.iste422.g6.qf.controller.QueryfierManager:97 - Welcome Screen setup start
2023-11-11 18:48:27.617 INFO edu.rit.croatia.iste422.g6.qf.controller.QueryfierManager:270 - Welcome Screen Handlers setup start
2023-11-11 18:48:27.619 INFO edu.rit.croatia.iste422.g6.qf.controller.QueryfierManager:278 - Welcome Screen Handlers setup finish
2023-11-11 18:48:27.619 INFO edu.rit.croatia.iste422.g6.qf.controller.QueryfierManager:119 - Welcome Screen setup finish
2023-11-11 18:48:27.619 INFO edu.rit.croatia.iste422.g6.qf.controller.QueryfierManager:92 - Initialization finished
2023-11-11 18:48:29.348 INFO edu.rit.croatia.iste422.g6.qf.controller.handler.CreateProjectHandler:37 - Starting the opening of the file.
2023-11-11 18:50:31.573 INFO edu.rit.croatia.iste422.g6.qf.controller.QueryfierManager:78 - Initialization started
2023-11-11 18:50:31.575 INFO edu.rit.croatia.iste422.g6.qf.model.app.QueryfierConfiguration:211 - Configuration loading initiated
2023-11-11 18:50:31.576 INFO edu.rit.croatia.iste422.g6.qf.model.app.QueryfierConfiguration:253 - Configuration loading finalized
2023-11-11 18:50:31.577 INFO edu.rit.croatia.iste422.g6.qf.controller.QueryfierManager:97 - Welcome Screen setup start
2023-11-11 18:50:31.855 INFO edu.rit.croatia.iste422.g6.qf.controller.QueryfierManager:270 - Welcome Screen Handlers setup start
2023-11-11 18:50:31.857 INFO edu.rit.croatia.iste422.g6.qf.controller.QueryfierManager:278 - Welcome Screen Handlers setup finish
2023-11-11 18:50:31.857 INFO edu.rit.croatia.iste422.g6.qf.controller.QueryfierManager:119 - Welcome Screen setup finish
2023-11-11 18:50:31.858 INFO edu.rit.croatia.iste422.g6.qf.controller.QueryfierManager:92 - Initialization finished
2023-11-11 18:50:32.609 INFO edu.rit.croatia.iste422.g6.qf.controller.handler.CreateProjectHandler:37 - Starting the opening of the file.
2023-11-11 18:50:34.903 INFO edu.rit.croatia.iste422.g6.qf.model.QueryfierStorage:73 - File loading started
2023-11-11 18:50:34.905 INFO edu.rit.croatia.iste422.g6.qf.model.QueryfierStorage:92 - File parsing initialized
2023-11-11 18:50:34.905 INFO edu.rit.croatia.iste422.g6.qf.io.parser.XMLFileParser:35 - XML File Parser has been selected!
2023-11-11 18:50:34.911 INFO edu.rit.croatia.iste422.g6.qf.model.QueryfierStorage:103 - File parsing successful
2023-11-11 18:50:34.911 INFO edu.rit.croatia.iste422.g6.qf.controller.handler.CreateProjectHandler:57 - Finished loading the file.
2023-11-11 18:50:35.047 INFO edu.rit.croatia.iste422.g6.qf.controller.QueryfierManager:124 - Attribute Editor Screen setup start
2023-11-11 18:50:35.121 INFO edu.rit.croatia.iste422.g6.qf.controller.QueryfierManager:282 - Attribute Editor Screen Handlers setup start
2023-11-11 18:50:35.121 INFO edu.rit.croatia.iste422.g6.qf.controller.QueryfierManager:245 - Menu Item Handlers setup start
2023-11-11 18:50:35.124 INFO edu.rit.croatia.iste422.g6.qf.controller.QueryfierManager:266 - Menu Item Handlers setup finish
2023-11-11 18:50:35.127 INFO edu.rit.croatia.iste422.g6.qf.controller.QueryfierManager:304 - Attribute Editor Screen Handlers setup finish
2023-11-11 18:50:35.127 INFO edu.rit.croatia.iste422.g6.qf.controller.QueryfierManager:177 - Attribute Editor Screen setup finish
2023-11-11 18:51:01.002 INFO edu.rit.croatia.iste422.g6.qf.controller.QueryfierManager:78 - Initialization started
2023-11-11 18:51:01.004 INFO edu.rit.croatia.iste422.g6.qf.model.app.QueryfierConfiguration:211 - Configuration loading initiated
2023-11-11 18:51:01.006 INFO edu.rit.croatia.iste422.g6.qf.model.app.QueryfierConfiguration:253 - Configuration loading finalized
2023-11-11 18:51:01.006 INFO edu.rit.croatia.iste422.g6.qf.controller.QueryfierManager:97 - Welcome Screen setup start
2023-11-11 18:51:01.268 INFO edu.rit.croatia.iste422.g6.qf.controller.QueryfierManager:270 - Welcome Screen Handlers setup start
2023-11-11 18:51:01.270 INFO edu.rit.croatia.iste422.g6.qf.controller.QueryfierManager:278 - Welcome Screen Handlers setup finish
2023-11-11 18:51:01.270 INFO edu.rit.croatia.iste422.g6.qf.controller.QueryfierManager:119 - Welcome Screen setup finish
2023-11-11 18:51:01.270 INFO edu.rit.croatia.iste422.g6.qf.controller.QueryfierManager:92 - Initialization finished
2023-11-11 18:51:02.067 INFO edu.rit.croatia.iste422.g6.qf.controller.handler.CreateProjectHandler:37 - Starting the opening of the file.
2023-11-11 18:51:04.659 INFO edu.rit.croatia.iste422.g6.qf.model.QueryfierStorage:73 - File loading started
2023-11-11 18:51:04.661 INFO edu.rit.croatia.iste422.g6.qf.model.QueryfierStorage:92 - File parsing initialized
2023-11-11 18:51:04.661 INFO edu.rit.croatia.iste422.g6.qf.io.parser.XMLFileParser:35 - XML File Parser has been selected!
2023-11-11 18:51:04.665 INFO edu.rit.croatia.iste422.g6.qf.model.QueryfierStorage:103 - File parsing successful
2023-11-11 18:51:04.665 INFO edu.rit.croatia.iste422.g6.qf.controller.handler.CreateProjectHandler:57 - Finished loading the file.
2023-11-11 18:51:04.795 INFO edu.rit.croatia.iste422.g6.qf.controller.QueryfierManager:124 - Attribute Editor Screen setup start
2023-11-11 18:51:28.550 INFO edu.rit.croatia.iste422.g6.qf.controller.QueryfierManager:78 - Initialization started
2023-11-11 18:51:28.551 INFO edu.rit.croatia.iste422.g6.qf.model.app.QueryfierConfiguration:211 - Configuration loading initiated
2023-11-11 18:51:28.553 INFO edu.rit.croatia.iste422.g6.qf.model.app.QueryfierConfiguration:253 - Configuration loading finalized
2023-11-11 18:51:28.553 INFO edu.rit.croatia.iste422.g6.qf.controller.QueryfierManager:97 - Welcome Screen setup start
2023-11-11 18:51:28.805 INFO edu.rit.croatia.iste422.g6.qf.controller.QueryfierManager:270 - Welcome Screen Handlers setup start
2023-11-11 18:51:28.807 INFO edu.rit.croatia.iste422.g6.qf.controller.QueryfierManager:278 - Welcome Screen Handlers setup finish
2023-11-11 18:51:28.807 INFO edu.rit.croatia.iste422.g6.qf.controller.QueryfierManager:119 - Welcome Screen setup finish
2023-11-11 18:51:28.808 INFO edu.rit.croatia.iste422.g6.qf.controller.QueryfierManager:92 - Initialization finished
2023-11-11 18:51:29.884 INFO edu.rit.croatia.iste422.g6.qf.controller.handler.CreateProjectHandler:37 - Starting the opening of the file.
2023-11-11 18:51:32.402 INFO edu.rit.croatia.iste422.g6.qf.model.QueryfierStorage:73 - File loading started
2023-11-11 18:51:32.405 INFO edu.rit.croatia.iste422.g6.qf.model.QueryfierStorage:92 - File parsing initialized
2023-11-11 18:51:32.405 INFO edu.rit.croatia.iste422.g6.qf.io.parser.XMLFileParser:35 - XML File Parser has been selected!
2023-11-11 18:51:32.410 INFO edu.rit.croatia.iste422.g6.qf.model.QueryfierStorage:103 - File parsing successful
2023-11-11 18:51:32.410 INFO edu.rit.croatia.iste422.g6.qf.controller.handler.CreateProjectHandler:57 - Finished loading the file.
2023-11-11 18:51:32.547 INFO edu.rit.croatia.iste422.g6.qf.controller.QueryfierManager:124 - Attribute Editor Screen setup start
2023-11-11 18:53:01.959 INFO edu.rit.croatia.iste422.g6.qf.controller.QueryfierManager:78 - Initialization started
2023-11-11 18:53:01.960 INFO edu.rit.croatia.iste422.g6.qf.model.app.QueryfierConfiguration:211 - Configuration loading initiated
2023-11-11 18:53:01.962 INFO edu.rit.croatia.iste422.g6.qf.model.app.QueryfierConfiguration:253 - Configuration loading finalized
2023-11-11 18:53:01.962 INFO edu.rit.croatia.iste422.g6.qf.controller.QueryfierManager:97 - Welcome Screen setup start
2023-11-11 18:53:02.242 INFO edu.rit.croatia.iste422.g6.qf.controller.QueryfierManager:270 - Welcome Screen Handlers setup start
2023-11-11 18:53:02.244 INFO edu.rit.croatia.iste422.g6.qf.controller.QueryfierManager:278 - Welcome Screen Handlers setup finish
2023-11-11 18:53:02.245 INFO edu.rit.croatia.iste422.g6.qf.controller.QueryfierManager:119 - Welcome Screen setup finish
2023-11-11 18:53:02.245 INFO edu.rit.croatia.iste422.g6.qf.controller.QueryfierManager:92 - Initialization finished
2023-11-11 18:53:03.119 INFO edu.rit.croatia.iste422.g6.qf.controller.handler.CreateProjectHandler:37 - Starting the opening of the file.
2023-11-11 18:53:05.869 INFO edu.rit.croatia.iste422.g6.qf.model.QueryfierStorage:73 - File loading started
2023-11-11 18:53:05.872 INFO edu.rit.croatia.iste422.g6.qf.model.QueryfierStorage:92 - File parsing initialized
2023-11-11 18:53:05.872 INFO edu.rit.croatia.iste422.g6.qf.io.parser.XMLFileParser:35 - XML File Parser has been selected!
2023-11-11 18:53:05.876 INFO edu.rit.croatia.iste422.g6.qf.model.QueryfierStorage:103 - File parsing successful
2023-11-11 18:53:05.877 INFO edu.rit.croatia.iste422.g6.qf.controller.handler.CreateProjectHandler:57 - Finished loading the file.
2023-11-11 18:53:06.002 INFO edu.rit.croatia.iste422.g6.qf.controller.QueryfierManager:124 - Attribute Editor Screen setup start
2023-11-11 18:53:06.081 INFO edu.rit.croatia.iste422.g6.qf.controller.QueryfierManager:282 - Attribute Editor Screen Handlers setup start
2023-11-11 18:53:06.081 INFO edu.rit.croatia.iste422.g6.qf.controller.QueryfierManager:245 - Menu Item Handlers setup start
2023-11-11 18:53:06.083 INFO edu.rit.croatia.iste422.g6.qf.controller.QueryfierManager:266 - Menu Item Handlers setup finish
2023-11-11 18:53:06.086 INFO edu.rit.croatia.iste422.g6.qf.controller.QueryfierManager:304 - Attribute Editor Screen Handlers setup finish
2023-11-11 18:53:06.086 INFO edu.rit.croatia.iste422.g6.qf.controller.QueryfierManager:177 - Attribute Editor Screen setup finish
2023-11-11 18:54:21.480 INFO edu.rit.croatia.iste422.g6.qf.controller.QueryfierManager:78 - Initialization started
2023-11-11 18:54:21.482 INFO edu.rit.croatia.iste422.g6.qf.model.app.QueryfierConfiguration:211 - Configuration loading initiated
2023-11-11 18:54:21.483 INFO edu.rit.croatia.iste422.g6.qf.model.app.QueryfierConfiguration:253 - Configuration loading finalized
2023-11-11 18:54:21.484 INFO edu.rit.croatia.iste422.g6.qf.controller.QueryfierManager:97 - Welcome Screen setup start
2023-11-11 18:54:21.827 INFO edu.rit.croatia.iste422.g6.qf.controller.QueryfierManager:270 - Welcome Screen Handlers setup start
2023-11-11 18:54:21.829 INFO edu.rit.croatia.iste422.g6.qf.controller.QueryfierManager:278 - Welcome Screen Handlers setup finish
2023-11-11 18:54:21.829 INFO edu.rit.croatia.iste422.g6.qf.controller.QueryfierManager:119 - Welcome Screen setup finish
2023-11-11 18:54:21.829 INFO edu.rit.croatia.iste422.g6.qf.controller.QueryfierManager:92 - Initialization finished
2023-11-11 18:54:22.720 INFO edu.rit.croatia.iste422.g6.qf.controller.handler.CreateProjectHandler:37 - Starting the opening of the file.
2023-11-11 18:54:25.522 INFO edu.rit.croatia.iste422.g6.qf.model.QueryfierStorage:73 - File loading started
2023-11-11 18:54:25.525 INFO edu.rit.croatia.iste422.g6.qf.model.QueryfierStorage:92 - File parsing initialized
2023-11-11 18:54:25.526 INFO edu.rit.croatia.iste422.g6.qf.io.parser.XMLFileParser:35 - XML File Parser has been selected!
2023-11-11 18:54:25.532 INFO edu.rit.croatia.iste422.g6.qf.model.QueryfierStorage:103 - File parsing successful
2023-11-11 18:54:25.532 INFO edu.rit.croatia.iste422.g6.qf.controller.handler.CreateProjectHandler:57 - Finished loading the file.
2023-11-11 18:54:25.674 INFO edu.rit.croatia.iste422.g6.qf.controller.QueryfierManager:124 - Attribute Editor Screen setup start
2023-11-11 18:54:25.747 INFO edu.rit.croatia.iste422.g6.qf.controller.QueryfierManager:282 - Attribute Editor Screen Handlers setup start
2023-11-11 18:54:25.747 INFO edu.rit.croatia.iste422.g6.qf.controller.QueryfierManager:245 - Menu Item Handlers setup start
2023-11-11 18:54:25.750 INFO edu.rit.croatia.iste422.g6.qf.controller.QueryfierManager:266 - Menu Item Handlers setup finish
2023-11-11 18:54:25.753 INFO edu.rit.croatia.iste422.g6.qf.controller.QueryfierManager:304 - Attribute Editor Screen Handlers setup finish
2023-11-11 18:54:25.753 INFO edu.rit.croatia.iste422.g6.qf.controller.QueryfierManager:177 - Attribute Editor Screen setup finish
2023-11-11 19:01:17.063 INFO edu.rit.croatia.iste422.g6.qf.controller.QueryfierManager:78 - Initialization started
2023-11-11 19:01:17.065 INFO edu.rit.croatia.iste422.g6.qf.model.app.QueryfierConfiguration:211 - Configuration loading initiated
2023-11-11 19:01:17.066 INFO edu.rit.croatia.iste422.g6.qf.model.app.QueryfierConfiguration:253 - Configuration loading finalized
2023-11-11 19:01:17.066 INFO edu.rit.croatia.iste422.g6.qf.controller.QueryfierManager:97 - Welcome Screen setup start
2023-11-11 19:01:17.423 INFO edu.rit.croatia.iste422.g6.qf.controller.QueryfierManager:270 - Welcome Screen Handlers setup start
2023-11-11 19:01:17.425 INFO edu.rit.croatia.iste422.g6.qf.controller.QueryfierManager:278 - Welcome Screen Handlers setup finish
2023-11-11 19:01:17.425 INFO edu.rit.croatia.iste422.g6.qf.controller.QueryfierManager:119 - Welcome Screen setup finish
2023-11-11 19:01:17.425 INFO edu.rit.croatia.iste422.g6.qf.controller.QueryfierManager:92 - Initialization finished
2023-11-11 19:01:18.294 INFO edu.rit.croatia.iste422.g6.qf.controller.handler.CreateProjectHandler:37 - Starting the opening of the file.
2023-11-11 19:01:21.140 INFO edu.rit.croatia.iste422.g6.qf.model.QueryfierStorage:73 - File loading started
2023-11-11 19:01:21.144 INFO edu.rit.croatia.iste422.g6.qf.model.QueryfierStorage:92 - File parsing initialized
2023-11-11 19:01:21.145 INFO edu.rit.croatia.iste422.g6.qf.io.parser.XMLFileParser:35 - XML File Parser has been selected!
2023-11-11 19:01:21.152 INFO edu.rit.croatia.iste422.g6.qf.model.QueryfierStorage:103 - File parsing successful
2023-11-11 19:01:21.152 INFO edu.rit.croatia.iste422.g6.qf.controller.handler.CreateProjectHandler:57 - Finished loading the file.
2023-11-11 19:01:21.296 INFO edu.rit.croatia.iste422.g6.qf.controller.QueryfierManager:124 - Attribute Editor Screen setup start
2023-11-11 19:01:21.371 INFO edu.rit.croatia.iste422.g6.qf.controller.QueryfierManager:282 - Attribute Editor Screen Handlers setup start
2023-11-11 19:01:21.372 INFO edu.rit.croatia.iste422.g6.qf.controller.QueryfierManager:245 - Menu Item Handlers setup start
2023-11-11 19:01:21.374 INFO edu.rit.croatia.iste422.g6.qf.controller.QueryfierManager:266 - Menu Item Handlers setup finish
2023-11-11 19:04:21.916 INFO edu.rit.croatia.iste422.g6.qf.controller.QueryfierManager:78 - Initialization started
2023-11-11 19:04:21.918 INFO edu.rit.croatia.iste422.g6.qf.model.app.QueryfierConfiguration:211 - Configuration loading initiated
2023-11-11 19:04:21.919 INFO edu.rit.croatia.iste422.g6.qf.model.app.QueryfierConfiguration:253 - Configuration loading finalized
2023-11-11 19:04:21.919 INFO edu.rit.croatia.iste422.g6.qf.controller.QueryfierManager:97 - Welcome Screen setup start
2023-11-11 19:04:22.248 INFO edu.rit.croatia.iste422.g6.qf.controller.QueryfierManager:270 - Welcome Screen Handlers setup start
2023-11-11 19:04:22.250 INFO edu.rit.croatia.iste422.g6.qf.controller.QueryfierManager:278 - Welcome Screen Handlers setup finish
2023-11-11 19:04:22.250 INFO edu.rit.croatia.iste422.g6.qf.controller.QueryfierManager:119 - Welcome Screen setup finish
2023-11-11 19:04:22.251 INFO edu.rit.croatia.iste422.g6.qf.controller.QueryfierManager:92 - Initialization finished
2023-11-11 19:04:23.195 INFO edu.rit.croatia.iste422.g6.qf.controller.handler.CreateProjectHandler:37 - Starting the opening of the file.
2023-11-11 19:04:26.075 INFO edu.rit.croatia.iste422.g6.qf.model.QueryfierStorage:73 - File loading started
2023-11-11 19:04:26.080 INFO edu.rit.croatia.iste422.g6.qf.model.QueryfierStorage:92 - File parsing initialized
2023-11-11 19:04:26.080 INFO edu.rit.croatia.iste422.g6.qf.io.parser.XMLFileParser:35 - XML File Parser has been selected!
2023-11-11 19:04:26.085 INFO edu.rit.croatia.iste422.g6.qf.model.QueryfierStorage:103 - File parsing successful
2023-11-11 19:04:26.085 INFO edu.rit.croatia.iste422.g6.qf.controller.handler.CreateProjectHandler:57 - Finished loading the file.
2023-11-11 19:04:26.217 INFO edu.rit.croatia.iste422.g6.qf.controller.QueryfierManager:124 - Attribute Editor Screen setup start
2023-11-11 19:04:26.295 INFO edu.rit.croatia.iste422.g6.qf.controller.QueryfierManager:282 - Attribute Editor Screen Handlers setup start
2023-11-11 19:04:26.296 INFO edu.rit.croatia.iste422.g6.qf.controller.QueryfierManager:245 - Menu Item Handlers setup start
2023-11-11 19:04:26.298 INFO edu.rit.croatia.iste422.g6.qf.controller.QueryfierManager:266 - Menu Item Handlers setup finish
2023-11-11 19:04:26.300 INFO edu.rit.croatia.iste422.g6.qf.controller.QueryfierManager:304 - Attribute Editor Screen Handlers setup finish
2023-11-11 19:04:26.300 INFO edu.rit.croatia.iste422.g6.qf.controller.QueryfierManager:177 - Attribute Editor Screen setup finish
2023-11-11 19:04:49.069 INFO edu.rit.croatia.iste422.g6.qf.controller.QueryfierManager:78 - Initialization started
2023-11-11 19:04:49.070 INFO edu.rit.croatia.iste422.g6.qf.model.app.QueryfierConfiguration:211 - Configuration loading initiated
2023-11-11 19:04:49.072 INFO edu.rit.croatia.iste422.g6.qf.model.app.QueryfierConfiguration:253 - Configuration loading finalized
2023-11-11 19:04:49.072 INFO edu.rit.croatia.iste422.g6.qf.controller.QueryfierManager:97 - Welcome Screen setup start
2023-11-11 19:04:49.331 INFO edu.rit.croatia.iste422.g6.qf.controller.QueryfierManager:270 - Welcome Screen Handlers setup start
2023-11-11 19:04:49.333 INFO edu.rit.croatia.iste422.g6.qf.controller.QueryfierManager:278 - Welcome Screen Handlers setup finish
2023-11-11 19:04:49.333 INFO edu.rit.croatia.iste422.g6.qf.controller.QueryfierManager:119 - Welcome Screen setup finish
2023-11-11 19:04:49.333 INFO edu.rit.croatia.iste422.g6.qf.controller.QueryfierManager:92 - Initialization finished
2023-11-11 19:04:52.937 INFO edu.rit.croatia.iste422.g6.qf.controller.handler.CreateProjectHandler:37 - Starting the opening of the file.
2023-11-11 19:04:55.928 INFO edu.rit.croatia.iste422.g6.qf.model.QueryfierStorage:73 - File loading started
2023-11-11 19:04:55.930 INFO edu.rit.croatia.iste422.g6.qf.model.QueryfierStorage:92 - File parsing initialized
2023-11-11 19:04:55.931 INFO edu.rit.croatia.iste422.g6.qf.io.parser.XMLFileParser:35 - XML File Parser has been selected!
2023-11-11 19:04:55.937 INFO edu.rit.croatia.iste422.g6.qf.model.QueryfierStorage:103 - File parsing successful
2023-11-11 19:04:55.937 INFO edu.rit.croatia.iste422.g6.qf.controller.handler.CreateProjectHandler:57 - Finished loading the file.
2023-11-11 19:04:56.073 INFO edu.rit.croatia.iste422.g6.qf.controller.QueryfierManager:124 - Attribute Editor Screen setup start
2023-11-11 19:04:56.151 INFO edu.rit.croatia.iste422.g6.qf.controller.QueryfierManager:282 - Attribute Editor Screen Handlers setup start
2023-11-11 19:04:56.151 INFO edu.rit.croatia.iste422.g6.qf.controller.QueryfierManager:245 - Menu Item Handlers setup start
2023-11-11 19:04:56.154 INFO edu.rit.croatia.iste422.g6.qf.controller.QueryfierManager:266 - Menu Item Handlers setup finish
2023-11-11 19:04:56.157 INFO edu.rit.croatia.iste422.g6.qf.controller.QueryfierManager:304 - Attribute Editor Screen Handlers setup finish
2023-11-11 19:04:56.157 INFO edu.rit.croatia.iste422.g6.qf.controller.QueryfierManager:177 - Attribute Editor Screen setup finish
2023-11-11 19:21:34.444 INFO edu.rit.croatia.iste422.g6.qf.model.app.QueryfierConfiguration:83 - Configuration saving initiated
2023-11-11 19:21:34.500 INFO edu.rit.croatia.iste422.g6.qf.model.app.QueryfierConfiguration:131 - Configuration saving finalized
2023-11-11 19:21:38.150 INFO edu.rit.croatia.iste422.g6.qf.controller.QueryfierManager:78 - Initialization started
2023-11-11 19:21:38.152 INFO edu.rit.croatia.iste422.g6.qf.model.app.QueryfierConfiguration:211 - Configuration loading initiated
2023-11-11 19:21:38.153 INFO edu.rit.croatia.iste422.g6.qf.model.app.QueryfierConfiguration:253 - Configuration loading finalized
2023-11-11 19:21:38.154 INFO edu.rit.croatia.iste422.g6.qf.controller.QueryfierManager:97 - Welcome Screen setup start
2023-11-11 19:21:38.489 INFO edu.rit.croatia.iste422.g6.qf.controller.QueryfierManager:270 - Welcome Screen Handlers setup start
2023-11-11 19:21:38.491 INFO edu.rit.croatia.iste422.g6.qf.controller.QueryfierManager:278 - Welcome Screen Handlers setup finish
2023-11-11 19:21:38.491 INFO edu.rit.croatia.iste422.g6.qf.controller.QueryfierManager:119 - Welcome Screen setup finish
2023-11-11 19:21:38.491 INFO edu.rit.croatia.iste422.g6.qf.controller.QueryfierManager:92 - Initialization finished
2023-11-11 19:21:40.793 INFO edu.rit.croatia.iste422.g6.qf.controller.handler.CreateProjectHandler:37 - Starting the opening of the file.
2023-11-11 19:21:44.278 INFO edu.rit.croatia.iste422.g6.qf.model.QueryfierStorage:73 - File loading started
2023-11-11 19:21:44.282 INFO edu.rit.croatia.iste422.g6.qf.model.QueryfierStorage:92 - File parsing initialized
2023-11-11 19:21:44.282 INFO edu.rit.croatia.iste422.g6.qf.io.parser.XMLFileParser:35 - XML File Parser has been selected!
2023-11-11 19:21:44.289 INFO edu.rit.croatia.iste422.g6.qf.model.QueryfierStorage:103 - File parsing successful
2023-11-11 19:21:44.289 INFO edu.rit.croatia.iste422.g6.qf.controller.handler.CreateProjectHandler:57 - Finished loading the file.
2023-11-11 19:21:44.435 INFO edu.rit.croatia.iste422.g6.qf.controller.QueryfierManager:124 - Attribute Editor Screen setup start
2023-11-11 19:21:44.512 INFO edu.rit.croatia.iste422.g6.qf.controller.QueryfierManager:282 - Attribute Editor Screen Handlers setup start
2023-11-11 19:21:44.513 INFO edu.rit.croatia.iste422.g6.qf.controller.QueryfierManager:245 - Menu Item Handlers setup start
2023-11-11 19:21:44.515 INFO edu.rit.croatia.iste422.g6.qf.controller.QueryfierManager:266 - Menu Item Handlers setup finish
2023-11-11 19:21:44.517 INFO edu.rit.croatia.iste422.g6.qf.controller.QueryfierManager:304 - Attribute Editor Screen Handlers setup finish
2023-11-11 19:21:44.517 INFO edu.rit.croatia.iste422.g6.qf.controller.QueryfierManager:177 - Attribute Editor Screen setup finish
2023-11-11 19:27:04.731 INFO edu.rit.croatia.iste422.g6.qf.controller.QueryfierManager:78 - Initialization started
2023-11-11 19:27:04.733 INFO edu.rit.croatia.iste422.g6.qf.model.app.QueryfierConfiguration:211 - Configuration loading initiated
2023-11-11 19:27:04.734 INFO edu.rit.croatia.iste422.g6.qf.model.app.QueryfierConfiguration:253 - Configuration loading finalized
2023-11-11 19:27:04.734 INFO edu.rit.croatia.iste422.g6.qf.controller.QueryfierManager:97 - Welcome Screen setup start
2023-11-11 19:27:05.074 INFO edu.rit.croatia.iste422.g6.qf.controller.QueryfierManager:270 - Welcome Screen Handlers setup start
2023-11-11 19:27:05.077 INFO edu.rit.croatia.iste422.g6.qf.controller.QueryfierManager:278 - Welcome Screen Handlers setup finish
2023-11-11 19:27:05.077 INFO edu.rit.croatia.iste422.g6.qf.controller.QueryfierManager:119 - Welcome Screen setup finish
2023-11-11 19:27:05.077 INFO edu.rit.croatia.iste422.g6.qf.controller.QueryfierManager:92 - Initialization finished
2023-11-11 19:27:06.730 INFO edu.rit.croatia.iste422.g6.qf.controller.handler.CreateProjectHandler:37 - Starting the opening of the file.
2023-11-11 19:27:09.566 INFO edu.rit.croatia.iste422.g6.qf.model.QueryfierStorage:73 - File loading started
2023-11-11 19:27:09.569 INFO edu.rit.croatia.iste422.g6.qf.model.QueryfierStorage:92 - File parsing initialized
2023-11-11 19:27:09.570 INFO edu.rit.croatia.iste422.g6.qf.io.parser.XMLFileParser:35 - XML File Parser has been selected!
2023-11-11 19:27:09.576 INFO edu.rit.croatia.iste422.g6.qf.model.QueryfierStorage:103 - File parsing successful
2023-11-11 19:27:09.577 INFO edu.rit.croatia.iste422.g6.qf.controller.handler.CreateProjectHandler:57 - Finished loading the file.
2023-11-11 19:27:09.718 INFO edu.rit.croatia.iste422.g6.qf.controller.QueryfierManager:124 - Attribute Editor Screen setup start
2023-11-11 19:29:38.301 INFO edu.rit.croatia.iste422.g6.qf.controller.QueryfierManager:78 - Initialization started
2023-11-11 19:29:38.302 INFO edu.rit.croatia.iste422.g6.qf.model.app.QueryfierConfiguration:211 - Configuration loading initiated
2023-11-11 19:29:38.304 INFO edu.rit.croatia.iste422.g6.qf.model.app.QueryfierConfiguration:253 - Configuration loading finalized
2023-11-11 19:29:38.304 INFO edu.rit.croatia.iste422.g6.qf.controller.QueryfierManager:97 - Welcome Screen setup start
2023-11-11 19:29:38.676 INFO edu.rit.croatia.iste422.g6.qf.controller.QueryfierManager:270 - Welcome Screen Handlers setup start
2023-11-11 19:29:38.678 INFO edu.rit.croatia.iste422.g6.qf.controller.QueryfierManager:278 - Welcome Screen Handlers setup finish
2023-11-11 19:29:38.678 INFO edu.rit.croatia.iste422.g6.qf.controller.QueryfierManager:119 - Welcome Screen setup finish
2023-11-11 19:29:38.678 INFO edu.rit.croatia.iste422.g6.qf.controller.QueryfierManager:92 - Initialization finished
2023-11-11 19:29:39.698 INFO edu.rit.croatia.iste422.g6.qf.controller.handler.CreateProjectHandler:37 - Starting the opening of the file.
2023-11-11 19:29:42.718 INFO edu.rit.croatia.iste422.g6.qf.model.QueryfierStorage:73 - File loading started
2023-11-11 19:29:42.721 INFO edu.rit.croatia.iste422.g6.qf.model.QueryfierStorage:92 - File parsing initialized
2023-11-11 19:29:42.721 INFO edu.rit.croatia.iste422.g6.qf.io.parser.XMLFileParser:35 - XML File Parser has been selected!
2023-11-11 19:29:42.726 INFO edu.rit.croatia.iste422.g6.qf.model.QueryfierStorage:103 - File parsing successful
2023-11-11 19:29:42.726 INFO edu.rit.croatia.iste422.g6.qf.controller.handler.CreateProjectHandler:57 - Finished loading the file.
2023-11-11 19:29:42.857 INFO edu.rit.croatia.iste422.g6.qf.controller.QueryfierManager:124 - Attribute Editor Screen setup start
2023-11-11 19:30:54.340 INFO edu.rit.croatia.iste422.g6.qf.controller.QueryfierManager:78 - Initialization started
2023-11-11 19:30:54.342 INFO edu.rit.croatia.iste422.g6.qf.model.app.QueryfierConfiguration:211 - Configuration loading initiated
2023-11-11 19:30:54.344 INFO edu.rit.croatia.iste422.g6.qf.model.app.QueryfierConfiguration:253 - Configuration loading finalized
2023-11-11 19:30:54.344 INFO edu.rit.croatia.iste422.g6.qf.controller.QueryfierManager:97 - Welcome Screen setup start
2023-11-11 19:30:54.681 INFO edu.rit.croatia.iste422.g6.qf.controller.QueryfierManager:270 - Welcome Screen Handlers setup start
2023-11-11 19:30:54.682 INFO edu.rit.croatia.iste422.g6.qf.controller.QueryfierManager:278 - Welcome Screen Handlers setup finish
2023-11-11 19:30:54.683 INFO edu.rit.croatia.iste422.g6.qf.controller.QueryfierManager:119 - Welcome Screen setup finish
2023-11-11 19:30:54.683 INFO edu.rit.croatia.iste422.g6.qf.controller.QueryfierManager:92 - Initialization finished
2023-11-11 19:30:55.486 INFO edu.rit.croatia.iste422.g6.qf.controller.handler.CreateProjectHandler:37 - Starting the opening of the file.
2023-11-11 19:30:58.388 INFO edu.rit.croatia.iste422.g6.qf.model.QueryfierStorage:73 - File loading started
2023-11-11 19:30:58.390 INFO edu.rit.croatia.iste422.g6.qf.model.QueryfierStorage:92 - File parsing initialized
2023-11-11 19:30:58.391 INFO edu.rit.croatia.iste422.g6.qf.io.parser.XMLFileParser:35 - XML File Parser has been selected!
2023-11-11 19:30:58.395 INFO edu.rit.croatia.iste422.g6.qf.model.QueryfierStorage:103 - File parsing successful
2023-11-11 19:30:58.395 INFO edu.rit.croatia.iste422.g6.qf.controller.handler.CreateProjectHandler:57 - Finished loading the file.
2023-11-11 19:30:58.544 INFO edu.rit.croatia.iste422.g6.qf.controller.QueryfierManager:124 - Attribute Editor Screen setup start
2023-11-11 19:30:58.620 INFO edu.rit.croatia.iste422.g6.qf.controller.QueryfierManager:282 - Attribute Editor Screen Handlers setup start
2023-11-11 19:30:58.620 INFO edu.rit.croatia.iste422.g6.qf.controller.QueryfierManager:245 - Menu Item Handlers setup start
2023-11-11 19:30:58.622 INFO edu.rit.croatia.iste422.g6.qf.controller.QueryfierManager:266 - Menu Item Handlers setup finish
2023-11-11 19:30:58.624 INFO edu.rit.croatia.iste422.g6.qf.controller.QueryfierManager:304 - Attribute Editor Screen Handlers setup finish
2023-11-11 19:30:58.625 INFO edu.rit.croatia.iste422.g6.qf.controller.QueryfierManager:177 - Attribute Editor Screen setup finish
2023-11-12 08:17:42.375 INFO edu.rit.croatia.iste422.g6.qf.model.app.QueryfierConfiguration:83 - Configuration saving initiated
2023-11-12 08:17:42.506 INFO edu.rit.croatia.iste422.g6.qf.model.app.QueryfierConfiguration:131 - Configuration saving finalized
2023-11-13 18:47:08.510 INFO edu.rit.croatia.iste422.g6.qf.controller.QueryfierManager:78 - Initialization started
2023-11-13 18:47:08.513 INFO edu.rit.croatia.iste422.g6.qf.model.app.QueryfierConfiguration:211 - Configuration loading initiated
2023-11-13 18:47:08.515 INFO edu.rit.croatia.iste422.g6.qf.model.app.QueryfierConfiguration:253 - Configuration loading finalized
2023-11-13 18:47:08.515 INFO edu.rit.croatia.iste422.g6.qf.controller.QueryfierManager:97 - Welcome Screen setup start
2023-11-13 18:47:08.854 INFO edu.rit.croatia.iste422.g6.qf.controller.QueryfierManager:270 - Welcome Screen Handlers setup start
2023-11-13 18:47:08.856 INFO edu.rit.croatia.iste422.g6.qf.controller.QueryfierManager:278 - Welcome Screen Handlers setup finish
2023-11-13 18:47:08.856 INFO edu.rit.croatia.iste422.g6.qf.controller.QueryfierManager:119 - Welcome Screen setup finish
2023-11-13 18:47:08.856 INFO edu.rit.croatia.iste422.g6.qf.controller.QueryfierManager:92 - Initialization finished
2023-11-13 18:47:10.895 INFO edu.rit.croatia.iste422.g6.qf.model.QueryfierStorage:73 - File loading started
2023-11-13 18:47:10.898 INFO edu.rit.croatia.iste422.g6.qf.model.QueryfierStorage:92 - File parsing initialized
2023-11-13 18:47:10.898 INFO edu.rit.croatia.iste422.g6.qf.io.parser.XMLFileParser:35 - XML File Parser has been selected!
2023-11-13 18:47:10.901 INFO edu.rit.croatia.iste422.g6.qf.model.QueryfierStorage:103 - File parsing successful
2023-11-13 18:47:11.026 INFO edu.rit.croatia.iste422.g6.qf.controller.QueryfierManager:124 - Attribute Editor Screen setup start
2023-11-13 18:47:11.104 INFO edu.rit.croatia.iste422.g6.qf.controller.QueryfierManager:282 - Attribute Editor Screen Handlers setup start
2023-11-13 18:47:11.105 INFO edu.rit.croatia.iste422.g6.qf.controller.QueryfierManager:245 - Menu Item Handlers setup start
2023-11-13 18:47:11.108 INFO edu.rit.croatia.iste422.g6.qf.controller.QueryfierManager:266 - Menu Item Handlers setup finish
2023-11-13 18:47:11.111 INFO edu.rit.croatia.iste422.g6.qf.controller.QueryfierManager:304 - Attribute Editor Screen Handlers setup finish
2023-11-13 18:47:11.111 INFO edu.rit.croatia.iste422.g6.qf.controller.QueryfierManager:177 - Attribute Editor Screen setup finish
2023-11-13 18:53:34.100 INFO edu.rit.croatia.iste422.g6.qf.controller.QueryfierManager:78 - Initialization started
2023-11-13 18:53:34.102 INFO edu.rit.croatia.iste422.g6.qf.model.app.QueryfierConfiguration:211 - Configuration loading initiated
2023-11-13 18:53:34.104 INFO edu.rit.croatia.iste422.g6.qf.model.app.QueryfierConfiguration:253 - Configuration loading finalized
2023-11-13 18:53:34.104 INFO edu.rit.croatia.iste422.g6.qf.controller.QueryfierManager:97 - Welcome Screen setup start
2023-11-13 18:53:34.468 INFO edu.rit.croatia.iste422.g6.qf.controller.QueryfierManager:270 - Welcome Screen Handlers setup start
2023-11-13 18:53:34.470 INFO edu.rit.croatia.iste422.g6.qf.controller.QueryfierManager:278 - Welcome Screen Handlers setup finish
2023-11-13 18:53:34.470 INFO edu.rit.croatia.iste422.g6.qf.controller.QueryfierManager:119 - Welcome Screen setup finish
2023-11-13 18:53:34.470 INFO edu.rit.croatia.iste422.g6.qf.controller.QueryfierManager:92 - Initialization finished
2023-11-13 18:53:35.667 INFO edu.rit.croatia.iste422.g6.qf.controller.handler.CreateProjectHandler:37 - Starting the opening of the file.
2023-11-13 18:53:38.533 INFO edu.rit.croatia.iste422.g6.qf.model.QueryfierStorage:73 - File loading started
2023-11-13 18:53:38.537 INFO edu.rit.croatia.iste422.g6.qf.model.QueryfierStorage:92 - File parsing initialized
2023-11-13 18:53:38.538 INFO edu.rit.croatia.iste422.g6.qf.io.parser.XMLFileParser:35 - XML File Parser has been selected!
2023-11-13 18:53:38.544 INFO edu.rit.croatia.iste422.g6.qf.model.QueryfierStorage:103 - File parsing successful
2023-11-13 18:53:38.544 INFO edu.rit.croatia.iste422.g6.qf.controller.handler.CreateProjectHandler:57 - Finished loading the file.
2023-11-13 18:53:38.691 INFO edu.rit.croatia.iste422.g6.qf.controller.QueryfierManager:124 - Attribute Editor Screen setup start
2023-11-13 18:53:55.674 INFO edu.rit.croatia.iste422.g6.qf.controller.QueryfierManager:78 - Initialization started
2023-11-13 18:53:55.676 INFO edu.rit.croatia.iste422.g6.qf.model.app.QueryfierConfiguration:211 - Configuration loading initiated
2023-11-13 18:53:55.678 INFO edu.rit.croatia.iste422.g6.qf.model.app.QueryfierConfiguration:253 - Configuration loading finalized
2023-11-13 18:53:55.678 INFO edu.rit.croatia.iste422.g6.qf.controller.QueryfierManager:97 - Welcome Screen setup start
2023-11-13 18:53:55.989 INFO edu.rit.croatia.iste422.g6.qf.controller.QueryfierManager:270 - Welcome Screen Handlers setup start
2023-11-13 18:53:55.991 INFO edu.rit.croatia.iste422.g6.qf.controller.QueryfierManager:278 - Welcome Screen Handlers setup finish
2023-11-13 18:53:55.991 INFO edu.rit.croatia.iste422.g6.qf.controller.QueryfierManager:119 - Welcome Screen setup finish
2023-11-13 18:53:55.992 INFO edu.rit.croatia.iste422.g6.qf.controller.QueryfierManager:92 - Initialization finished
2023-11-13 18:53:57.301 INFO edu.rit.croatia.iste422.g6.qf.controller.handler.CreateProjectHandler:37 - Starting the opening of the file.
2023-11-13 18:53:59.584 INFO edu.rit.croatia.iste422.g6.qf.model.QueryfierStorage:73 - File loading started
2023-11-13 18:53:59.588 INFO edu.rit.croatia.iste422.g6.qf.model.QueryfierStorage:92 - File parsing initialized
2023-11-13 18:53:59.588 INFO edu.rit.croatia.iste422.g6.qf.io.parser.XMLFileParser:35 - XML File Parser has been selected!
2023-11-13 18:53:59.593 INFO edu.rit.croatia.iste422.g6.qf.model.QueryfierStorage:103 - File parsing successful
2023-11-13 18:53:59.593 INFO edu.rit.croatia.iste422.g6.qf.controller.handler.CreateProjectHandler:57 - Finished loading the file.
2023-11-13 18:53:59.730 INFO edu.rit.croatia.iste422.g6.qf.controller.QueryfierManager:124 - Attribute Editor Screen setup start
2023-11-13 18:53:59.810 INFO edu.rit.croatia.iste422.g6.qf.controller.QueryfierManager:282 - Attribute Editor Screen Handlers setup start
2023-11-13 18:53:59.810 INFO edu.rit.croatia.iste422.g6.qf.controller.QueryfierManager:245 - Menu Item Handlers setup start
2023-11-13 18:53:59.813 INFO edu.rit.croatia.iste422.g6.qf.controller.QueryfierManager:266 - Menu Item Handlers setup finish
2023-11-13 18:53:59.816 INFO edu.rit.croatia.iste422.g6.qf.controller.QueryfierManager:304 - Attribute Editor Screen Handlers setup finish
2023-11-13 18:53:59.816 INFO edu.rit.croatia.iste422.g6.qf.controller.QueryfierManager:177 - Attribute Editor Screen setup finish
2023-11-13 18:56:00.885 INFO edu.rit.croatia.iste422.g6.qf.controller.QueryfierManager:78 - Initialization started
2023-11-13 18:56:00.887 INFO edu.rit.croatia.iste422.g6.qf.model.app.QueryfierConfiguration:211 - Configuration loading initiated
2023-11-13 18:56:00.888 INFO edu.rit.croatia.iste422.g6.qf.model.app.QueryfierConfiguration:253 - Configuration loading finalized
2023-11-13 18:56:00.888 INFO edu.rit.croatia.iste422.g6.qf.controller.QueryfierManager:97 - Welcome Screen setup start
2023-11-13 18:56:01.164 INFO edu.rit.croatia.iste422.g6.qf.controller.QueryfierManager:270 - Welcome Screen Handlers setup start
2023-11-13 18:56:01.166 INFO edu.rit.croatia.iste422.g6.qf.controller.QueryfierManager:278 - Welcome Screen Handlers setup finish
2023-11-13 18:56:01.166 INFO edu.rit.croatia.iste422.g6.qf.controller.QueryfierManager:119 - Welcome Screen setup finish
2023-11-13 18:56:01.166 INFO edu.rit.croatia.iste422.g6.qf.controller.QueryfierManager:92 - Initialization finished
2023-11-13 18:56:02.319 INFO edu.rit.croatia.iste422.g6.qf.controller.handler.CreateProjectHandler:37 - Starting the opening of the file.
2023-11-13 18:56:04.658 INFO edu.rit.croatia.iste422.g6.qf.model.QueryfierStorage:73 - File loading started
2023-11-13 18:56:04.662 INFO edu.rit.croatia.iste422.g6.qf.model.QueryfierStorage:92 - File parsing initialized
2023-11-13 18:56:04.663 INFO edu.rit.croatia.iste422.g6.qf.io.parser.XMLFileParser:35 - XML File Parser has been selected!
2023-11-13 18:56:04.668 INFO edu.rit.croatia.iste422.g6.qf.model.QueryfierStorage:103 - File parsing successful
2023-11-13 18:56:04.669 INFO edu.rit.croatia.iste422.g6.qf.controller.handler.CreateProjectHandler:57 - Finished loading the file.
2023-11-13 18:56:04.807 INFO edu.rit.croatia.iste422.g6.qf.controller.QueryfierManager:124 - Attribute Editor Screen setup start
2023-11-13 18:56:04.882 INFO edu.rit.croatia.iste422.g6.qf.controller.QueryfierManager:282 - Attribute Editor Screen Handlers setup start
2023-11-13 18:56:04.882 INFO edu.rit.croatia.iste422.g6.qf.controller.QueryfierManager:245 - Menu Item Handlers setup start
2023-11-13 18:56:04.885 INFO edu.rit.croatia.iste422.g6.qf.controller.QueryfierManager:266 - Menu Item Handlers setup finish
2023-11-13 18:56:04.887 INFO edu.rit.croatia.iste422.g6.qf.controller.QueryfierManager:304 - Attribute Editor Screen Handlers setup finish
2023-11-13 18:56:04.887 INFO edu.rit.croatia.iste422.g6.qf.controller.QueryfierManager:177 - Attribute Editor Screen setup finish
2023-11-13 18:59:26.499 INFO edu.rit.croatia.iste422.g6.qf.controller.QueryfierManager:78 - Initialization started
2023-11-13 18:59:26.501 INFO edu.rit.croatia.iste422.g6.qf.model.app.QueryfierConfiguration:211 - Configuration loading initiated
2023-11-13 18:59:26.503 INFO edu.rit.croatia.iste422.g6.qf.model.app.QueryfierConfiguration:253 - Configuration loading finalized
2023-11-13 18:59:26.503 INFO edu.rit.croatia.iste422.g6.qf.controller.QueryfierManager:97 - Welcome Screen setup start
2023-11-13 18:59:26.783 INFO edu.rit.croatia.iste422.g6.qf.controller.QueryfierManager:270 - Welcome Screen Handlers setup start
2023-11-13 18:59:26.785 INFO edu.rit.croatia.iste422.g6.qf.controller.QueryfierManager:278 - Welcome Screen Handlers setup finish
2023-11-13 18:59:26.785 INFO edu.rit.croatia.iste422.g6.qf.controller.QueryfierManager:119 - Welcome Screen setup finish
2023-11-13 18:59:26.785 INFO edu.rit.croatia.iste422.g6.qf.controller.QueryfierManager:92 - Initialization finished
2023-11-13 18:59:28.556 INFO edu.rit.croatia.iste422.g6.qf.controller.handler.CreateProjectHandler:37 - Starting the opening of the file.
2023-11-13 18:59:31.333 INFO edu.rit.croatia.iste422.g6.qf.model.QueryfierStorage:73 - File loading started
2023-11-13 18:59:31.336 INFO edu.rit.croatia.iste422.g6.qf.model.QueryfierStorage:92 - File parsing initialized
2023-11-13 18:59:31.337 INFO edu.rit.croatia.iste422.g6.qf.io.parser.XMLFileParser:35 - XML File Parser has been selected!
2023-11-13 18:59:31.342 INFO edu.rit.croatia.iste422.g6.qf.model.QueryfierStorage:103 - File parsing successful
2023-11-13 18:59:31.342 INFO edu.rit.croatia.iste422.g6.qf.controller.handler.CreateProjectHandler:57 - Finished loading the file.
2023-11-13 18:59:31.481 INFO edu.rit.croatia.iste422.g6.qf.controller.QueryfierManager:124 - Attribute Editor Screen setup start
2023-11-13 18:59:31.562 INFO edu.rit.croatia.iste422.g6.qf.controller.QueryfierManager:282 - Attribute Editor Screen Handlers setup start
2023-11-13 18:59:31.562 INFO edu.rit.croatia.iste422.g6.qf.controller.QueryfierManager:245 - Menu Item Handlers setup start
2023-11-13 18:59:31.565 INFO edu.rit.croatia.iste422.g6.qf.controller.QueryfierManager:266 - Menu Item Handlers setup finish
2023-11-13 18:59:31.568 INFO edu.rit.croatia.iste422.g6.qf.controller.QueryfierManager:304 - Attribute Editor Screen Handlers setup finish
2023-11-13 18:59:31.568 INFO edu.rit.croatia.iste422.g6.qf.controller.QueryfierManager:177 - Attribute Editor Screen setup finish
2023-11-13 19:01:17.501 INFO edu.rit.croatia.iste422.g6.qf.controller.QueryfierManager:78 - Initialization started
2023-11-13 19:01:17.503 INFO edu.rit.croatia.iste422.g6.qf.model.app.QueryfierConfiguration:211 - Configuration loading initiated
2023-11-13 19:01:17.504 INFO edu.rit.croatia.iste422.g6.qf.model.app.QueryfierConfiguration:253 - Configuration loading finalized
2023-11-13 19:01:17.504 INFO edu.rit.croatia.iste422.g6.qf.controller.QueryfierManager:97 - Welcome Screen setup start
2023-11-13 19:01:17.768 INFO edu.rit.croatia.iste422.g6.qf.controller.QueryfierManager:270 - Welcome Screen Handlers setup start
2023-11-13 19:01:17.770 INFO edu.rit.croatia.iste422.g6.qf.controller.QueryfierManager:278 - Welcome Screen Handlers setup finish
2023-11-13 19:01:17.770 INFO edu.rit.croatia.iste422.g6.qf.controller.QueryfierManager:119 - Welcome Screen setup finish
2023-11-13 19:01:17.770 INFO edu.rit.croatia.iste422.g6.qf.controller.QueryfierManager:92 - Initialization finished
2023-11-13 19:01:19.424 INFO edu.rit.croatia.iste422.g6.qf.controller.handler.CreateProjectHandler:37 - Starting the opening of the file.
2023-11-13 19:01:23.576 INFO edu.rit.croatia.iste422.g6.qf.model.QueryfierStorage:73 - File loading started
2023-11-13 19:01:23.579 INFO edu.rit.croatia.iste422.g6.qf.model.QueryfierStorage:92 - File parsing initialized
2023-11-13 19:01:23.579 INFO edu.rit.croatia.iste422.g6.qf.io.parser.XMLFileParser:35 - XML File Parser has been selected!
2023-11-13 19:01:23.585 INFO edu.rit.croatia.iste422.g6.qf.model.QueryfierStorage:103 - File parsing successful
2023-11-13 19:01:23.585 INFO edu.rit.croatia.iste422.g6.qf.controller.handler.CreateProjectHandler:57 - Finished loading the file.
2023-11-13 19:01:23.726 INFO edu.rit.croatia.iste422.g6.qf.controller.QueryfierManager:124 - Attribute Editor Screen setup start
2023-11-13 19:01:23.803 INFO edu.rit.croatia.iste422.g6.qf.controller.QueryfierManager:282 - Attribute Editor Screen Handlers setup start
2023-11-13 19:01:23.803 INFO edu.rit.croatia.iste422.g6.qf.controller.QueryfierManager:245 - Menu Item Handlers setup start
2023-11-13 19:01:23.806 INFO edu.rit.croatia.iste422.g6.qf.controller.QueryfierManager:266 - Menu Item Handlers setup finish
2023-11-13 19:01:23.808 INFO edu.rit.croatia.iste422.g6.qf.controller.QueryfierManager:304 - Attribute Editor Screen Handlers setup finish
2023-11-13 19:01:23.808 INFO edu.rit.croatia.iste422.g6.qf.controller.QueryfierManager:177 - Attribute Editor Screen setup finish
2023-11-13 19:07:12.363 INFO edu.rit.croatia.iste422.g6.qf.controller.QueryfierManager:78 - Initialization started
2023-11-13 19:07:12.365 INFO edu.rit.croatia.iste422.g6.qf.model.app.QueryfierConfiguration:211 - Configuration loading initiated
2023-11-13 19:07:12.367 INFO edu.rit.croatia.iste422.g6.qf.model.app.QueryfierConfiguration:253 - Configuration loading finalized
2023-11-13 19:07:12.367 INFO edu.rit.croatia.iste422.g6.qf.controller.QueryfierManager:97 - Welcome Screen setup start
2023-11-13 19:07:12.700 INFO edu.rit.croatia.iste422.g6.qf.controller.QueryfierManager:270 - Welcome Screen Handlers setup start
2023-11-13 19:07:12.702 INFO edu.rit.croatia.iste422.g6.qf.controller.QueryfierManager:278 - Welcome Screen Handlers setup finish
2023-11-13 19:07:12.702 INFO edu.rit.croatia.iste422.g6.qf.controller.QueryfierManager:119 - Welcome Screen setup finish
2023-11-13 19:07:12.702 INFO edu.rit.croatia.iste422.g6.qf.controller.QueryfierManager:92 - Initialization finished
2023-11-13 19:07:13.836 INFO edu.rit.croatia.iste422.g6.qf.controller.handler.CreateProjectHandler:37 - Starting the opening of the file.
2023-11-13 19:07:16.839 INFO edu.rit.croatia.iste422.g6.qf.model.QueryfierStorage:73 - File loading started
2023-11-13 19:07:16.842 INFO edu.rit.croatia.iste422.g6.qf.model.QueryfierStorage:92 - File parsing initialized
2023-11-13 19:07:16.842 INFO edu.rit.croatia.iste422.g6.qf.io.parser.XMLFileParser:35 - XML File Parser has been selected!
2023-11-13 19:07:16.848 INFO edu.rit.croatia.iste422.g6.qf.model.QueryfierStorage:103 - File parsing successful
2023-11-13 19:07:16.849 INFO edu.rit.croatia.iste422.g6.qf.controller.handler.CreateProjectHandler:57 - Finished loading the file.
2023-11-13 19:07:16.997 INFO edu.rit.croatia.iste422.g6.qf.controller.QueryfierManager:124 - Attribute Editor Screen setup start
2023-11-13 19:07:17.091 INFO edu.rit.croatia.iste422.g6.qf.controller.QueryfierManager:282 - Attribute Editor Screen Handlers setup start
2023-11-13 19:07:17.091 INFO edu.rit.croatia.iste422.g6.qf.controller.QueryfierManager:245 - Menu Item Handlers setup start
2023-11-13 19:07:17.094 INFO edu.rit.croatia.iste422.g6.qf.controller.QueryfierManager:266 - Menu Item Handlers setup finish
2023-11-13 19:07:17.097 INFO edu.rit.croatia.iste422.g6.qf.controller.QueryfierManager:304 - Attribute Editor Screen Handlers setup finish
2023-11-13 19:07:17.097 INFO edu.rit.croatia.iste422.g6.qf.controller.QueryfierManager:177 - Attribute Editor Screen setup finish
2023-11-13 19:08:05.923 INFO edu.rit.croatia.iste422.g6.qf.controller.QueryfierManager:78 - Initialization started
2023-11-13 19:08:05.925 INFO edu.rit.croatia.iste422.g6.qf.model.app.QueryfierConfiguration:211 - Configuration loading initiated
2023-11-13 19:08:05.926 INFO edu.rit.croatia.iste422.g6.qf.model.app.QueryfierConfiguration:253 - Configuration loading finalized
2023-11-13 19:08:05.926 INFO edu.rit.croatia.iste422.g6.qf.controller.QueryfierManager:97 - Welcome Screen setup start
2023-11-13 19:08:06.196 INFO edu.rit.croatia.iste422.g6.qf.controller.QueryfierManager:270 - Welcome Screen Handlers setup start
2023-11-13 19:08:06.198 INFO edu.rit.croatia.iste422.g6.qf.controller.QueryfierManager:278 - Welcome Screen Handlers setup finish
2023-11-13 19:08:06.198 INFO edu.rit.croatia.iste422.g6.qf.controller.QueryfierManager:119 - Welcome Screen setup finish
2023-11-13 19:08:06.198 INFO edu.rit.croatia.iste422.g6.qf.controller.QueryfierManager:92 - Initialization finished
2023-11-13 19:08:07.021 INFO edu.rit.croatia.iste422.g6.qf.controller.handler.CreateProjectHandler:37 - Starting the opening of the file.
2023-11-13 19:08:09.240 INFO edu.rit.croatia.iste422.g6.qf.model.QueryfierStorage:73 - File loading started
2023-11-13 19:08:09.242 INFO edu.rit.croatia.iste422.g6.qf.model.QueryfierStorage:92 - File parsing initialized
2023-11-13 19:08:09.242 INFO edu.rit.croatia.iste422.g6.qf.io.parser.XMLFileParser:35 - XML File Parser has been selected!
2023-11-13 19:08:09.247 INFO edu.rit.croatia.iste422.g6.qf.model.QueryfierStorage:103 - File parsing successful
2023-11-13 19:08:09.247 INFO edu.rit.croatia.iste422.g6.qf.controller.handler.CreateProjectHandler:57 - Finished loading the file.
2023-11-13 19:08:09.387 INFO edu.rit.croatia.iste422.g6.qf.controller.QueryfierManager:124 - Attribute Editor Screen setup start
2023-11-13 19:08:09.467 INFO edu.rit.croatia.iste422.g6.qf.controller.QueryfierManager:282 - Attribute Editor Screen Handlers setup start
2023-11-13 19:08:09.468 INFO edu.rit.croatia.iste422.g6.qf.controller.QueryfierManager:245 - Menu Item Handlers setup start
2023-11-13 19:08:09.470 INFO edu.rit.croatia.iste422.g6.qf.controller.QueryfierManager:266 - Menu Item Handlers setup finish
2023-11-13 19:08:09.473 INFO edu.rit.croatia.iste422.g6.qf.controller.QueryfierManager:304 - Attribute Editor Screen Handlers setup finish
2023-11-13 19:08:09.473 INFO edu.rit.croatia.iste422.g6.qf.controller.QueryfierManager:177 - Attribute Editor Screen setup finish
2023-11-13 19:10:00.854 INFO edu.rit.croatia.iste422.g6.qf.controller.QueryfierManager:78 - Initialization started
2023-11-13 19:10:00.857 INFO edu.rit.croatia.iste422.g6.qf.model.app.QueryfierConfiguration:211 - Configuration loading initiated
2023-11-13 19:10:00.859 INFO edu.rit.croatia.iste422.g6.qf.model.app.QueryfierConfiguration:253 - Configuration loading finalized
2023-11-13 19:10:00.859 INFO edu.rit.croatia.iste422.g6.qf.controller.QueryfierManager:97 - Welcome Screen setup start
2023-11-13 19:10:01.224 INFO edu.rit.croatia.iste422.g6.qf.controller.QueryfierManager:270 - Welcome Screen Handlers setup start
2023-11-13 19:10:01.226 INFO edu.rit.croatia.iste422.g6.qf.controller.QueryfierManager:278 - Welcome Screen Handlers setup finish
2023-11-13 19:10:01.226 INFO edu.rit.croatia.iste422.g6.qf.controller.QueryfierManager:119 - Welcome Screen setup finish
2023-11-13 19:10:01.226 INFO edu.rit.croatia.iste422.g6.qf.controller.QueryfierManager:92 - Initialization finished
2023-11-13 19:12:12.475 INFO edu.rit.croatia.iste422.g6.qf.controller.QueryfierManager:78 - Initialization started
2023-11-13 19:12:12.477 INFO edu.rit.croatia.iste422.g6.qf.model.app.QueryfierConfiguration:211 - Configuration loading initiated
2023-11-13 19:12:12.479 INFO edu.rit.croatia.iste422.g6.qf.model.app.QueryfierConfiguration:253 - Configuration loading finalized
2023-11-13 19:12:12.479 INFO edu.rit.croatia.iste422.g6.qf.controller.QueryfierManager:97 - Welcome Screen setup start
2023-11-13 19:12:12.803 INFO edu.rit.croatia.iste422.g6.qf.controller.QueryfierManager:270 - Welcome Screen Handlers setup start
2023-11-13 19:12:12.805 INFO edu.rit.croatia.iste422.g6.qf.controller.QueryfierManager:278 - Welcome Screen Handlers setup finish
2023-11-13 19:12:12.805 INFO edu.rit.croatia.iste422.g6.qf.controller.QueryfierManager:119 - Welcome Screen setup finish
2023-11-13 19:12:12.805 INFO edu.rit.croatia.iste422.g6.qf.controller.QueryfierManager:92 - Initialization finished
2023-11-13 19:12:40.972 INFO edu.rit.croatia.iste422.g6.qf.model.QueryfierStorage:73 - File loading started
2023-11-13 19:12:40.974 INFO edu.rit.croatia.iste422.g6.qf.model.QueryfierStorage:92 - File parsing initialized
2023-11-13 19:12:40.975 INFO edu.rit.croatia.iste422.g6.qf.io.parser.XMLFileParser:35 - XML File Parser has been selected!
2023-11-13 19:12:40.978 INFO edu.rit.croatia.iste422.g6.qf.model.QueryfierStorage:103 - File parsing successful
2023-11-13 19:12:41.191 INFO edu.rit.croatia.iste422.g6.qf.controller.QueryfierManager:124 - Attribute Editor Screen setup start
2023-11-13 19:12:41.280 INFO edu.rit.croatia.iste422.g6.qf.controller.QueryfierManager:282 - Attribute Editor Screen Handlers setup start
2023-11-13 19:12:41.281 INFO edu.rit.croatia.iste422.g6.qf.controller.QueryfierManager:245 - Menu Item Handlers setup start
2023-11-13 19:12:41.283 INFO edu.rit.croatia.iste422.g6.qf.controller.QueryfierManager:266 - Menu Item Handlers setup finish
2023-11-13 19:12:41.285 INFO edu.rit.croatia.iste422.g6.qf.controller.QueryfierManager:304 - Attribute Editor Screen Handlers setup finish
2023-11-13 19:12:41.285 INFO edu.rit.croatia.iste422.g6.qf.controller.QueryfierManager:177 - Attribute Editor Screen setup finish
2023-11-13 19:20:35.182 INFO edu.rit.croatia.iste422.g6.qf.controller.QueryfierManager:78 - Initialization started
2023-11-13 19:20:35.184 INFO edu.rit.croatia.iste422.g6.qf.model.app.QueryfierConfiguration:211 - Configuration loading initiated
2023-11-13 19:20:35.186 INFO edu.rit.croatia.iste422.g6.qf.model.app.QueryfierConfiguration:253 - Configuration loading finalized
2023-11-13 19:20:35.186 INFO edu.rit.croatia.iste422.g6.qf.controller.QueryfierManager:97 - Welcome Screen setup start
2023-11-13 19:20:35.526 INFO edu.rit.croatia.iste422.g6.qf.controller.QueryfierManager:270 - Welcome Screen Handlers setup start
2023-11-13 19:20:35.528 INFO edu.rit.croatia.iste422.g6.qf.controller.QueryfierManager:278 - Welcome Screen Handlers setup finish
2023-11-13 19:20:35.528 INFO edu.rit.croatia.iste422.g6.qf.controller.QueryfierManager:119 - Welcome Screen setup finish
2023-11-13 19:20:35.528 INFO edu.rit.croatia.iste422.g6.qf.controller.QueryfierManager:92 - Initialization finished
2023-11-13 19:20:36.926 INFO edu.rit.croatia.iste422.g6.qf.controller.handler.CreateProjectHandler:37 - Starting the opening of the file.
2023-11-13 19:20:56.998 INFO edu.rit.croatia.iste422.g6.qf.controller.QueryfierManager:78 - Initialization started
2023-11-13 19:20:57.000 INFO edu.rit.croatia.iste422.g6.qf.model.app.QueryfierConfiguration:211 - Configuration loading initiated
2023-11-13 19:20:57.002 INFO edu.rit.croatia.iste422.g6.qf.model.app.QueryfierConfiguration:253 - Configuration loading finalized
2023-11-13 19:20:57.002 INFO edu.rit.croatia.iste422.g6.qf.controller.QueryfierManager:97 - Welcome Screen setup start
2023-11-13 19:20:57.303 INFO edu.rit.croatia.iste422.g6.qf.controller.QueryfierManager:270 - Welcome Screen Handlers setup start
2023-11-13 19:20:57.306 INFO edu.rit.croatia.iste422.g6.qf.controller.QueryfierManager:278 - Welcome Screen Handlers setup finish
2023-11-13 19:20:57.306 INFO edu.rit.croatia.iste422.g6.qf.controller.QueryfierManager:119 - Welcome Screen setup finish
2023-11-13 19:20:57.306 INFO edu.rit.croatia.iste422.g6.qf.controller.QueryfierManager:92 - Initialization finished
2023-11-13 19:21:03.409 INFO edu.rit.croatia.iste422.g6.qf.controller.handler.CreateProjectHandler:37 - Starting the opening of the file.
2023-11-13 19:21:06.618 INFO edu.rit.croatia.iste422.g6.qf.model.QueryfierStorage:73 - File loading started
2023-11-13 19:21:06.622 INFO edu.rit.croatia.iste422.g6.qf.model.QueryfierStorage:92 - File parsing initialized
2023-11-13 19:21:06.622 INFO edu.rit.croatia.iste422.g6.qf.io.parser.XMLFileParser:35 - XML File Parser has been selected!
2023-11-13 19:21:06.628 INFO edu.rit.croatia.iste422.g6.qf.model.QueryfierStorage:103 - File parsing successful
2023-11-13 19:21:06.629 INFO edu.rit.croatia.iste422.g6.qf.controller.handler.CreateProjectHandler:57 - Finished loading the file.
2023-11-13 19:21:06.769 INFO edu.rit.croatia.iste422.g6.qf.controller.QueryfierManager:124 - Attribute Editor Screen setup start
2023-11-13 19:21:06.848 INFO edu.rit.croatia.iste422.g6.qf.controller.QueryfierManager:282 - Attribute Editor Screen Handlers setup start
2023-11-13 19:21:06.848 INFO edu.rit.croatia.iste422.g6.qf.controller.QueryfierManager:245 - Menu Item Handlers setup start
2023-11-13 19:21:06.851 INFO edu.rit.croatia.iste422.g6.qf.controller.QueryfierManager:266 - Menu Item Handlers setup finish
2023-11-13 19:21:06.853 INFO edu.rit.croatia.iste422.g6.qf.controller.QueryfierManager:304 - Attribute Editor Screen Handlers setup finish
2023-11-13 19:21:06.853 INFO edu.rit.croatia.iste422.g6.qf.controller.QueryfierManager:177 - Attribute Editor Screen setup finish
2023-11-13 19:23:06.147 INFO edu.rit.croatia.iste422.g6.qf.controller.QueryfierManager:78 - Initialization started
2023-11-13 19:23:06.148 INFO edu.rit.croatia.iste422.g6.qf.model.app.QueryfierConfiguration:211 - Configuration loading initiated
2023-11-13 19:23:06.150 INFO edu.rit.croatia.iste422.g6.qf.model.app.QueryfierConfiguration:253 - Configuration loading finalized
2023-11-13 19:23:06.150 INFO edu.rit.croatia.iste422.g6.qf.controller.QueryfierManager:97 - Welcome Screen setup start
2023-11-13 19:23:06.424 INFO edu.rit.croatia.iste422.g6.qf.controller.QueryfierManager:270 - Welcome Screen Handlers setup start
2023-11-13 19:23:06.426 INFO edu.rit.croatia.iste422.g6.qf.controller.QueryfierManager:278 - Welcome Screen Handlers setup finish
2023-11-13 19:23:06.426 INFO edu.rit.croatia.iste422.g6.qf.controller.QueryfierManager:119 - Welcome Screen setup finish
2023-11-13 19:23:06.426 INFO edu.rit.croatia.iste422.g6.qf.controller.QueryfierManager:92 - Initialization finished
2023-11-13 19:23:07.461 INFO edu.rit.croatia.iste422.g6.qf.controller.handler.CreateProjectHandler:37 - Starting the opening of the file.
2023-11-13 19:23:10.048 INFO edu.rit.croatia.iste422.g6.qf.model.QueryfierStorage:73 - File loading started
2023-11-13 19:23:10.051 INFO edu.rit.croatia.iste422.g6.qf.model.QueryfierStorage:92 - File parsing initialized
2023-11-13 19:23:10.051 INFO edu.rit.croatia.iste422.g6.qf.io.parser.XMLFileParser:35 - XML File Parser has been selected!
2023-11-13 19:23:10.056 INFO edu.rit.croatia.iste422.g6.qf.model.QueryfierStorage:103 - File parsing successful
2023-11-13 19:23:10.057 INFO edu.rit.croatia.iste422.g6.qf.controller.handler.CreateProjectHandler:57 - Finished loading the file.
2023-11-13 19:23:10.199 INFO edu.rit.croatia.iste422.g6.qf.controller.QueryfierManager:124 - Attribute Editor Screen setup start
2023-11-13 19:23:10.271 INFO edu.rit.croatia.iste422.g6.qf.controller.QueryfierManager:282 - Attribute Editor Screen Handlers setup start
2023-11-13 19:23:10.271 INFO edu.rit.croatia.iste422.g6.qf.controller.QueryfierManager:245 - Menu Item Handlers setup start
2023-11-13 19:23:10.274 INFO edu.rit.croatia.iste422.g6.qf.controller.QueryfierManager:266 - Menu Item Handlers setup finish
2023-11-13 19:23:10.276 INFO edu.rit.croatia.iste422.g6.qf.controller.QueryfierManager:304 - Attribute Editor Screen Handlers setup finish
2023-11-13 19:23:10.276 INFO edu.rit.croatia.iste422.g6.qf.controller.QueryfierManager:177 - Attribute Editor Screen setup finish
2023-11-13 19:23:57.726 INFO edu.rit.croatia.iste422.g6.qf.controller.QueryfierManager:78 - Initialization started
2023-11-13 19:23:57.728 INFO edu.rit.croatia.iste422.g6.qf.model.app.QueryfierConfiguration:211 - Configuration loading initiated
2023-11-13 19:23:57.730 INFO edu.rit.croatia.iste422.g6.qf.model.app.QueryfierConfiguration:253 - Configuration loading finalized
2023-11-13 19:23:57.730 INFO edu.rit.croatia.iste422.g6.qf.controller.QueryfierManager:97 - Welcome Screen setup start
2023-11-13 19:23:57.997 INFO edu.rit.croatia.iste422.g6.qf.controller.QueryfierManager:270 - Welcome Screen Handlers setup start
2023-11-13 19:23:57.999 INFO edu.rit.croatia.iste422.g6.qf.controller.QueryfierManager:278 - Welcome Screen Handlers setup finish
2023-11-13 19:23:58.000 INFO edu.rit.croatia.iste422.g6.qf.controller.QueryfierManager:119 - Welcome Screen setup finish
2023-11-13 19:23:58.000 INFO edu.rit.croatia.iste422.g6.qf.controller.QueryfierManager:92 - Initialization finished
2023-11-13 19:23:58.811 INFO edu.rit.croatia.iste422.g6.qf.controller.handler.CreateProjectHandler:37 - Starting the opening of the file.
2023-11-13 19:24:01.266 INFO edu.rit.croatia.iste422.g6.qf.model.QueryfierStorage:73 - File loading started
2023-11-13 19:24:01.268 INFO edu.rit.croatia.iste422.g6.qf.model.QueryfierStorage:92 - File parsing initialized
2023-11-13 19:24:01.268 INFO edu.rit.croatia.iste422.g6.qf.io.parser.XMLFileParser:35 - XML File Parser has been selected!
2023-11-13 19:24:01.271 INFO edu.rit.croatia.iste422.g6.qf.model.QueryfierStorage:103 - File parsing successful
2023-11-13 19:24:01.272 INFO edu.rit.croatia.iste422.g6.qf.controller.handler.CreateProjectHandler:57 - Finished loading the file.
2023-11-13 19:24:01.414 INFO edu.rit.croatia.iste422.g6.qf.controller.QueryfierManager:124 - Attribute Editor Screen setup start
2023-11-13 19:24:01.499 INFO edu.rit.croatia.iste422.g6.qf.controller.QueryfierManager:282 - Attribute Editor Screen Handlers setup start
2023-11-13 19:24:01.499 INFO edu.rit.croatia.iste422.g6.qf.controller.QueryfierManager:245 - Menu Item Handlers setup start
2023-11-13 19:24:01.502 INFO edu.rit.croatia.iste422.g6.qf.controller.QueryfierManager:266 - Menu Item Handlers setup finish
2023-11-13 19:24:01.504 INFO edu.rit.croatia.iste422.g6.qf.controller.QueryfierManager:304 - Attribute Editor Screen Handlers setup finish
2023-11-13 19:24:01.505 INFO edu.rit.croatia.iste422.g6.qf.controller.QueryfierManager:177 - Attribute Editor Screen setup finish
2023-11-13 19:24:34.920 INFO edu.rit.croatia.iste422.g6.qf.controller.QueryfierManager:78 - Initialization started
2023-11-13 19:24:34.922 INFO edu.rit.croatia.iste422.g6.qf.model.app.QueryfierConfiguration:211 - Configuration loading initiated
2023-11-13 19:24:34.923 INFO edu.rit.croatia.iste422.g6.qf.model.app.QueryfierConfiguration:253 - Configuration loading finalized
2023-11-13 19:24:34.923 INFO edu.rit.croatia.iste422.g6.qf.controller.QueryfierManager:97 - Welcome Screen setup start
2023-11-13 19:24:35.192 INFO edu.rit.croatia.iste422.g6.qf.controller.QueryfierManager:270 - Welcome Screen Handlers setup start
2023-11-13 19:24:35.193 INFO edu.rit.croatia.iste422.g6.qf.controller.QueryfierManager:278 - Welcome Screen Handlers setup finish
2023-11-13 19:24:35.194 INFO edu.rit.croatia.iste422.g6.qf.controller.QueryfierManager:119 - Welcome Screen setup finish
2023-11-13 19:24:35.194 INFO edu.rit.croatia.iste422.g6.qf.controller.QueryfierManager:92 - Initialization finished
2023-11-13 19:24:36.262 INFO edu.rit.croatia.iste422.g6.qf.controller.handler.CreateProjectHandler:37 - Starting the opening of the file.
2023-11-13 19:24:38.509 INFO edu.rit.croatia.iste422.g6.qf.model.QueryfierStorage:73 - File loading started
2023-11-13 19:24:38.513 INFO edu.rit.croatia.iste422.g6.qf.model.QueryfierStorage:92 - File parsing initialized
2023-11-13 19:24:38.513 INFO edu.rit.croatia.iste422.g6.qf.io.parser.XMLFileParser:35 - XML File Parser has been selected!
2023-11-13 19:24:38.519 INFO edu.rit.croatia.iste422.g6.qf.model.QueryfierStorage:103 - File parsing successful
2023-11-13 19:24:38.520 INFO edu.rit.croatia.iste422.g6.qf.controller.handler.CreateProjectHandler:57 - Finished loading the file.
2023-11-13 19:24:38.660 INFO edu.rit.croatia.iste422.g6.qf.controller.QueryfierManager:124 - Attribute Editor Screen setup start
2023-11-13 19:24:38.745 INFO edu.rit.croatia.iste422.g6.qf.controller.QueryfierManager:282 - Attribute Editor Screen Handlers setup start
2023-11-13 19:24:38.745 INFO edu.rit.croatia.iste422.g6.qf.controller.QueryfierManager:245 - Menu Item Handlers setup start
2023-11-13 19:24:38.748 INFO edu.rit.croatia.iste422.g6.qf.controller.QueryfierManager:266 - Menu Item Handlers setup finish
2023-11-13 19:24:38.751 INFO edu.rit.croatia.iste422.g6.qf.controller.QueryfierManager:304 - Attribute Editor Screen Handlers setup finish
2023-11-13 19:24:38.751 INFO edu.rit.croatia.iste422.g6.qf.controller.QueryfierManager:177 - Attribute Editor Screen setup finish
2023-11-13 19:26:20.331 INFO edu.rit.croatia.iste422.g6.qf.controller.QueryfierManager:78 - Initialization started
2023-11-13 19:26:20.332 INFO edu.rit.croatia.iste422.g6.qf.model.app.QueryfierConfiguration:211 - Configuration loading initiated
2023-11-13 19:26:20.334 INFO edu.rit.croatia.iste422.g6.qf.model.app.QueryfierConfiguration:253 - Configuration loading finalized
2023-11-13 19:26:20.334 INFO edu.rit.croatia.iste422.g6.qf.controller.QueryfierManager:97 - Welcome Screen setup start
2023-11-13 19:26:20.604 INFO edu.rit.croatia.iste422.g6.qf.controller.QueryfierManager:270 - Welcome Screen Handlers setup start
2023-11-13 19:26:20.606 INFO edu.rit.croatia.iste422.g6.qf.controller.QueryfierManager:278 - Welcome Screen Handlers setup finish
2023-11-13 19:26:20.606 INFO edu.rit.croatia.iste422.g6.qf.controller.QueryfierManager:119 - Welcome Screen setup finish
2023-11-13 19:26:20.606 INFO edu.rit.croatia.iste422.g6.qf.controller.QueryfierManager:92 - Initialization finished
2023-11-13 19:26:22.433 INFO edu.rit.croatia.iste422.g6.qf.model.QueryfierStorage:73 - File loading started
2023-11-13 19:26:22.435 INFO edu.rit.croatia.iste422.g6.qf.model.QueryfierStorage:92 - File parsing initialized
2023-11-13 19:26:22.435 INFO edu.rit.croatia.iste422.g6.qf.io.parser.XMLFileParser:35 - XML File Parser has been selected!
2023-11-13 19:26:22.440 INFO edu.rit.croatia.iste422.g6.qf.model.QueryfierStorage:103 - File parsing successful
2023-11-13 19:26:22.583 INFO edu.rit.croatia.iste422.g6.qf.controller.QueryfierManager:124 - Attribute Editor Screen setup start
2023-11-13 19:26:22.660 INFO edu.rit.croatia.iste422.g6.qf.controller.QueryfierManager:282 - Attribute Editor Screen Handlers setup start
2023-11-13 19:26:22.660 INFO edu.rit.croatia.iste422.g6.qf.controller.QueryfierManager:245 - Menu Item Handlers setup start
2023-11-13 19:26:22.663 INFO edu.rit.croatia.iste422.g6.qf.controller.QueryfierManager:266 - Menu Item Handlers setup finish
2023-11-13 19:26:22.665 INFO edu.rit.croatia.iste422.g6.qf.controller.QueryfierManager:304 - Attribute Editor Screen Handlers setup finish
2023-11-13 19:26:22.665 INFO edu.rit.croatia.iste422.g6.qf.controller.QueryfierManager:177 - Attribute Editor Screen setup finish
2023-11-13 19:27:33.409 INFO edu.rit.croatia.iste422.g6.qf.controller.QueryfierManager:78 - Initialization started
2023-11-13 19:27:33.412 INFO edu.rit.croatia.iste422.g6.qf.model.app.QueryfierConfiguration:211 - Configuration loading initiated
2023-11-13 19:27:33.413 INFO edu.rit.croatia.iste422.g6.qf.model.app.QueryfierConfiguration:253 - Configuration loading finalized
2023-11-13 19:27:33.413 INFO edu.rit.croatia.iste422.g6.qf.controller.QueryfierManager:97 - Welcome Screen setup start
2023-11-13 19:27:33.694 INFO edu.rit.croatia.iste422.g6.qf.controller.QueryfierManager:270 - Welcome Screen Handlers setup start
2023-11-13 19:27:33.695 INFO edu.rit.croatia.iste422.g6.qf.controller.QueryfierManager:278 - Welcome Screen Handlers setup finish
2023-11-13 19:27:33.696 INFO edu.rit.croatia.iste422.g6.qf.controller.QueryfierManager:119 - Welcome Screen setup finish
2023-11-13 19:27:33.696 INFO edu.rit.croatia.iste422.g6.qf.controller.QueryfierManager:92 - Initialization finished
2023-11-13 19:27:34.631 INFO edu.rit.croatia.iste422.g6.qf.controller.handler.CreateProjectHandler:37 - Starting the opening of the file.
2023-11-13 19:27:37.237 INFO edu.rit.croatia.iste422.g6.qf.model.QueryfierStorage:73 - File loading started
2023-11-13 19:27:37.241 INFO edu.rit.croatia.iste422.g6.qf.model.QueryfierStorage:92 - File parsing initialized
2023-11-13 19:27:37.242 INFO edu.rit.croatia.iste422.g6.qf.io.parser.XMLFileParser:35 - XML File Parser has been selected!
2023-11-13 19:27:37.248 INFO edu.rit.croatia.iste422.g6.qf.model.QueryfierStorage:103 - File parsing successful
2023-11-13 19:27:37.248 INFO edu.rit.croatia.iste422.g6.qf.controller.handler.CreateProjectHandler:57 - Finished loading the file.
2023-11-13 19:27:37.388 INFO edu.rit.croatia.iste422.g6.qf.controller.QueryfierManager:124 - Attribute Editor Screen setup start
2023-11-13 19:27:37.467 INFO edu.rit.croatia.iste422.g6.qf.controller.QueryfierManager:282 - Attribute Editor Screen Handlers setup start
2023-11-13 19:27:37.468 INFO edu.rit.croatia.iste422.g6.qf.controller.QueryfierManager:245 - Menu Item Handlers setup start
2023-11-13 19:27:37.470 INFO edu.rit.croatia.iste422.g6.qf.controller.QueryfierManager:266 - Menu Item Handlers setup finish
2023-11-13 19:27:37.472 INFO edu.rit.croatia.iste422.g6.qf.controller.QueryfierManager:304 - Attribute Editor Screen Handlers setup finish
2023-11-13 19:27:37.473 INFO edu.rit.croatia.iste422.g6.qf.controller.QueryfierManager:177 - Attribute Editor Screen setup finish
2023-11-13 19:30:58.654 INFO edu.rit.croatia.iste422.g6.qf.controller.QueryfierManager:78 - Initialization started
2023-11-13 19:30:58.656 INFO edu.rit.croatia.iste422.g6.qf.model.app.QueryfierConfiguration:211 - Configuration loading initiated
2023-11-13 19:30:58.658 INFO edu.rit.croatia.iste422.g6.qf.model.app.QueryfierConfiguration:253 - Configuration loading finalized
2023-11-13 19:30:58.658 INFO edu.rit.croatia.iste422.g6.qf.controller.QueryfierManager:97 - Welcome Screen setup start
2023-11-13 19:30:58.991 INFO edu.rit.croatia.iste422.g6.qf.controller.QueryfierManager:270 - Welcome Screen Handlers setup start
2023-11-13 19:30:58.993 INFO edu.rit.croatia.iste422.g6.qf.controller.QueryfierManager:278 - Welcome Screen Handlers setup finish
2023-11-13 19:30:58.993 INFO edu.rit.croatia.iste422.g6.qf.controller.QueryfierManager:119 - Welcome Screen setup finish
2023-11-13 19:30:58.993 INFO edu.rit.croatia.iste422.g6.qf.controller.QueryfierManager:92 - Initialization finished
2023-11-13 19:31:01.201 INFO edu.rit.croatia.iste422.g6.qf.model.QueryfierStorage:73 - File loading started
2023-11-13 19:31:01.204 INFO edu.rit.croatia.iste422.g6.qf.model.QueryfierStorage:92 - File parsing initialized
2023-11-13 19:31:01.204 INFO edu.rit.croatia.iste422.g6.qf.io.parser.XMLFileParser:35 - XML File Parser has been selected!
2023-11-13 19:31:01.207 INFO edu.rit.croatia.iste422.g6.qf.model.QueryfierStorage:103 - File parsing successful
2023-11-13 19:31:01.335 INFO edu.rit.croatia.iste422.g6.qf.controller.QueryfierManager:124 - Attribute Editor Screen setup start
2023-11-13 19:31:01.413 INFO edu.rit.croatia.iste422.g6.qf.controller.QueryfierManager:282 - Attribute Editor Screen Handlers setup start
2023-11-13 19:31:01.413 INFO edu.rit.croatia.iste422.g6.qf.controller.QueryfierManager:245 - Menu Item Handlers setup start
2023-11-13 19:31:01.416 INFO edu.rit.croatia.iste422.g6.qf.controller.QueryfierManager:266 - Menu Item Handlers setup finish
2023-11-13 19:31:01.418 INFO edu.rit.croatia.iste422.g6.qf.controller.QueryfierManager:304 - Attribute Editor Screen Handlers setup finish
2023-11-13 19:31:01.418 INFO edu.rit.croatia.iste422.g6.qf.controller.QueryfierManager:177 - Attribute Editor Screen setup finish
2023-11-13 19:34:30.364 INFO edu.rit.croatia.iste422.g6.qf.controller.QueryfierManager:78 - Initialization started
2023-11-13 19:34:30.366 INFO edu.rit.croatia.iste422.g6.qf.model.app.QueryfierConfiguration:211 - Configuration loading initiated
2023-11-13 19:34:30.367 INFO edu.rit.croatia.iste422.g6.qf.model.app.QueryfierConfiguration:253 - Configuration loading finalized
2023-11-13 19:34:30.368 INFO edu.rit.croatia.iste422.g6.qf.controller.QueryfierManager:97 - Welcome Screen setup start
2023-11-13 19:34:30.708 INFO edu.rit.croatia.iste422.g6.qf.controller.QueryfierManager:270 - Welcome Screen Handlers setup start
2023-11-13 19:34:30.710 INFO edu.rit.croatia.iste422.g6.qf.controller.QueryfierManager:278 - Welcome Screen Handlers setup finish
2023-11-13 19:34:30.711 INFO edu.rit.croatia.iste422.g6.qf.controller.QueryfierManager:119 - Welcome Screen setup finish
2023-11-13 19:34:30.711 INFO edu.rit.croatia.iste422.g6.qf.controller.QueryfierManager:92 - Initialization finished
2023-11-13 19:34:32.847 INFO edu.rit.croatia.iste422.g6.qf.model.QueryfierStorage:73 - File loading started
2023-11-13 19:34:32.850 INFO edu.rit.croatia.iste422.g6.qf.model.QueryfierStorage:92 - File parsing initialized
2023-11-13 19:34:32.851 INFO edu.rit.croatia.iste422.g6.qf.io.parser.XMLFileParser:35 - XML File Parser has been selected!
2023-11-13 19:34:32.856 INFO edu.rit.croatia.iste422.g6.qf.model.QueryfierStorage:103 - File parsing successful
2023-11-13 19:34:33.007 INFO edu.rit.croatia.iste422.g6.qf.controller.QueryfierManager:124 - Attribute Editor Screen setup start
2023-11-13 19:34:33.083 INFO edu.rit.croatia.iste422.g6.qf.controller.QueryfierManager:282 - Attribute Editor Screen Handlers setup start
2023-11-13 19:34:33.083 INFO edu.rit.croatia.iste422.g6.qf.controller.QueryfierManager:245 - Menu Item Handlers setup start
2023-11-13 19:34:33.085 INFO edu.rit.croatia.iste422.g6.qf.controller.QueryfierManager:266 - Menu Item Handlers setup finish
2023-11-13 19:34:33.088 INFO edu.rit.croatia.iste422.g6.qf.controller.QueryfierManager:304 - Attribute Editor Screen Handlers setup finish
2023-11-13 19:34:33.088 INFO edu.rit.croatia.iste422.g6.qf.controller.QueryfierManager:177 - Attribute Editor Screen setup finish
2023-11-13 19:35:00.552 INFO edu.rit.croatia.iste422.g6.qf.controller.QueryfierManager:78 - Initialization started
2023-11-13 19:35:00.554 INFO edu.rit.croatia.iste422.g6.qf.model.app.QueryfierConfiguration:211 - Configuration loading initiated
2023-11-13 19:35:00.555 INFO edu.rit.croatia.iste422.g6.qf.model.app.QueryfierConfiguration:253 - Configuration loading finalized
2023-11-13 19:35:00.555 INFO edu.rit.croatia.iste422.g6.qf.controller.QueryfierManager:97 - Welcome Screen setup start
2023-11-13 19:35:00.809 INFO edu.rit.croatia.iste422.g6.qf.controller.QueryfierManager:270 - Welcome Screen Handlers setup start
2023-11-13 19:35:00.811 INFO edu.rit.croatia.iste422.g6.qf.controller.QueryfierManager:278 - Welcome Screen Handlers setup finish
2023-11-13 19:35:00.811 INFO edu.rit.croatia.iste422.g6.qf.controller.QueryfierManager:119 - Welcome Screen setup finish
2023-11-13 19:35:00.811 INFO edu.rit.croatia.iste422.g6.qf.controller.QueryfierManager:92 - Initialization finished
2023-11-13 19:35:02.052 INFO edu.rit.croatia.iste422.g6.qf.model.QueryfierStorage:73 - File loading started
2023-11-13 19:35:02.056 INFO edu.rit.croatia.iste422.g6.qf.model.QueryfierStorage:92 - File parsing initialized
2023-11-13 19:35:02.056 INFO edu.rit.croatia.iste422.g6.qf.io.parser.XMLFileParser:35 - XML File Parser has been selected!
2023-11-13 19:35:02.059 INFO edu.rit.croatia.iste422.g6.qf.model.QueryfierStorage:103 - File parsing successful
2023-11-13 19:35:02.203 INFO edu.rit.croatia.iste422.g6.qf.controller.QueryfierManager:124 - Attribute Editor Screen setup start
2023-11-13 19:35:02.286 INFO edu.rit.croatia.iste422.g6.qf.controller.QueryfierManager:282 - Attribute Editor Screen Handlers setup start
2023-11-13 19:35:02.286 INFO edu.rit.croatia.iste422.g6.qf.controller.QueryfierManager:245 - Menu Item Handlers setup start
2023-11-13 19:35:02.288 INFO edu.rit.croatia.iste422.g6.qf.controller.QueryfierManager:266 - Menu Item Handlers setup finish
2023-11-13 19:35:02.290 INFO edu.rit.croatia.iste422.g6.qf.controller.QueryfierManager:304 - Attribute Editor Screen Handlers setup finish
2023-11-13 19:35:02.291 INFO edu.rit.croatia.iste422.g6.qf.controller.QueryfierManager:177 - Attribute Editor Screen setup finish
2023-11-13 19:35:22.337 INFO edu.rit.croatia.iste422.g6.qf.model.app.QueryfierConfiguration:83 - Configuration saving initiated
2023-11-13 19:35:22.365 INFO edu.rit.croatia.iste422.g6.qf.model.app.QueryfierConfiguration:131 - Configuration saving finalized
2023-11-13 19:35:42.242 INFO edu.rit.croatia.iste422.g6.qf.controller.QueryfierManager:78 - Initialization started
2023-11-13 19:35:42.245 INFO edu.rit.croatia.iste422.g6.qf.model.app.QueryfierConfiguration:211 - Configuration loading initiated
2023-11-13 19:35:42.248 INFO edu.rit.croatia.iste422.g6.qf.model.app.QueryfierConfiguration:253 - Configuration loading finalized
2023-11-13 19:35:42.249 INFO edu.rit.croatia.iste422.g6.qf.controller.QueryfierManager:97 - Welcome Screen setup start
2023-11-13 19:35:42.527 INFO edu.rit.croatia.iste422.g6.qf.controller.QueryfierManager:270 - Welcome Screen Handlers setup start
2023-11-13 19:35:42.530 INFO edu.rit.croatia.iste422.g6.qf.controller.QueryfierManager:278 - Welcome Screen Handlers setup finish
2023-11-13 19:35:42.530 INFO edu.rit.croatia.iste422.g6.qf.controller.QueryfierManager:119 - Welcome Screen setup finish
2023-11-13 19:35:42.530 INFO edu.rit.croatia.iste422.g6.qf.controller.QueryfierManager:92 - Initialization finished
2023-11-13 19:35:43.533 INFO edu.rit.croatia.iste422.g6.qf.controller.handler.CreateProjectHandler:37 - Starting the opening of the file.
2023-11-13 19:35:46.939 INFO edu.rit.croatia.iste422.g6.qf.model.QueryfierStorage:73 - File loading started
2023-11-13 19:35:46.942 INFO edu.rit.croatia.iste422.g6.qf.model.QueryfierStorage:92 - File parsing initialized
2023-11-13 19:35:46.942 INFO edu.rit.croatia.iste422.g6.qf.io.parser.XMLFileParser:35 - XML File Parser has been selected!
2023-11-13 19:35:46.945 INFO edu.rit.croatia.iste422.g6.qf.model.QueryfierStorage:103 - File parsing successful
2023-11-13 19:35:46.945 INFO edu.rit.croatia.iste422.g6.qf.controller.handler.CreateProjectHandler:57 - Finished loading the file.
2023-11-13 19:35:47.094 INFO edu.rit.croatia.iste422.g6.qf.controller.QueryfierManager:124 - Attribute Editor Screen setup start
2023-11-13 19:35:47.181 INFO edu.rit.croatia.iste422.g6.qf.controller.QueryfierManager:282 - Attribute Editor Screen Handlers setup start
2023-11-13 19:35:47.181 INFO edu.rit.croatia.iste422.g6.qf.controller.QueryfierManager:245 - Menu Item Handlers setup start
2023-11-13 19:35:47.183 INFO edu.rit.croatia.iste422.g6.qf.controller.QueryfierManager:266 - Menu Item Handlers setup finish
2023-11-13 19:35:47.186 INFO edu.rit.croatia.iste422.g6.qf.controller.QueryfierManager:304 - Attribute Editor Screen Handlers setup finish
2023-11-13 19:35:47.186 INFO edu.rit.croatia.iste422.g6.qf.controller.QueryfierManager:177 - Attribute Editor Screen setup finish
2023-11-13 19:36:30.538 INFO edu.rit.croatia.iste422.g6.qf.controller.QueryfierManager:78 - Initialization started
2023-11-13 19:36:30.540 INFO edu.rit.croatia.iste422.g6.qf.model.app.QueryfierConfiguration:211 - Configuration loading initiated
2023-11-13 19:36:30.542 INFO edu.rit.croatia.iste422.g6.qf.model.app.QueryfierConfiguration:253 - Configuration loading finalized
2023-11-13 19:36:30.543 INFO edu.rit.croatia.iste422.g6.qf.controller.QueryfierManager:97 - Welcome Screen setup start
2023-11-13 19:36:30.825 INFO edu.rit.croatia.iste422.g6.qf.controller.QueryfierManager:270 - Welcome Screen Handlers setup start
2023-11-13 19:36:30.828 INFO edu.rit.croatia.iste422.g6.qf.controller.QueryfierManager:278 - Welcome Screen Handlers setup finish
2023-11-13 19:36:30.828 INFO edu.rit.croatia.iste422.g6.qf.controller.QueryfierManager:119 - Welcome Screen setup finish
2023-11-13 19:36:30.828 INFO edu.rit.croatia.iste422.g6.qf.controller.QueryfierManager:92 - Initialization finished
2023-11-13 19:36:32.151 INFO edu.rit.croatia.iste422.g6.qf.controller.handler.CreateProjectHandler:37 - Starting the opening of the file.
2023-11-13 19:36:34.958 INFO edu.rit.croatia.iste422.g6.qf.model.QueryfierStorage:73 - File loading started
2023-11-13 19:36:34.961 INFO edu.rit.croatia.iste422.g6.qf.model.QueryfierStorage:92 - File parsing initialized
2023-11-13 19:36:34.961 INFO edu.rit.croatia.iste422.g6.qf.io.parser.XMLFileParser:35 - XML File Parser has been selected!
2023-11-13 19:36:34.966 INFO edu.rit.croatia.iste422.g6.qf.model.QueryfierStorage:103 - File parsing successful
2023-11-13 19:36:34.967 INFO edu.rit.croatia.iste422.g6.qf.controller.handler.CreateProjectHandler:57 - Finished loading the file.
2023-11-13 19:36:35.108 INFO edu.rit.croatia.iste422.g6.qf.controller.QueryfierManager:124 - Attribute Editor Screen setup start
2023-11-13 19:36:35.198 INFO edu.rit.croatia.iste422.g6.qf.controller.QueryfierManager:282 - Attribute Editor Screen Handlers setup start
2023-11-13 19:36:35.198 INFO edu.rit.croatia.iste422.g6.qf.controller.QueryfierManager:245 - Menu Item Handlers setup start
2023-11-13 19:36:35.201 INFO edu.rit.croatia.iste422.g6.qf.controller.QueryfierManager:266 - Menu Item Handlers setup finish
2023-11-13 19:36:35.204 INFO edu.rit.croatia.iste422.g6.qf.controller.QueryfierManager:304 - Attribute Editor Screen Handlers setup finish
2023-11-13 19:36:35.204 INFO edu.rit.croatia.iste422.g6.qf.controller.QueryfierManager:177 - Attribute Editor Screen setup finish
2023-11-13 19:37:26.923 INFO edu.rit.croatia.iste422.g6.qf.controller.QueryfierManager:78 - Initialization started
2023-11-13 19:37:26.925 INFO edu.rit.croatia.iste422.g6.qf.model.app.QueryfierConfiguration:211 - Configuration loading initiated
2023-11-13 19:37:26.927 INFO edu.rit.croatia.iste422.g6.qf.model.app.QueryfierConfiguration:253 - Configuration loading finalized
2023-11-13 19:37:26.927 INFO edu.rit.croatia.iste422.g6.qf.controller.QueryfierManager:97 - Welcome Screen setup start
2023-11-13 19:37:27.193 INFO edu.rit.croatia.iste422.g6.qf.controller.QueryfierManager:270 - Welcome Screen Handlers setup start
2023-11-13 19:37:27.195 INFO edu.rit.croatia.iste422.g6.qf.controller.QueryfierManager:278 - Welcome Screen Handlers setup finish
2023-11-13 19:37:27.196 INFO edu.rit.croatia.iste422.g6.qf.controller.QueryfierManager:119 - Welcome Screen setup finish
2023-11-13 19:37:27.196 INFO edu.rit.croatia.iste422.g6.qf.controller.QueryfierManager:92 - Initialization finished
2023-11-13 19:37:28.317 INFO edu.rit.croatia.iste422.g6.qf.controller.handler.CreateProjectHandler:37 - Starting the opening of the file.
2023-11-13 19:37:31.454 INFO edu.rit.croatia.iste422.g6.qf.model.QueryfierStorage:73 - File loading started
2023-11-13 19:37:31.458 INFO edu.rit.croatia.iste422.g6.qf.model.QueryfierStorage:92 - File parsing initialized
2023-11-13 19:37:31.459 INFO edu.rit.croatia.iste422.g6.qf.io.parser.XMLFileParser:35 - XML File Parser has been selected!
2023-11-13 19:37:31.465 INFO edu.rit.croatia.iste422.g6.qf.model.QueryfierStorage:103 - File parsing successful
2023-11-13 19:37:31.465 INFO edu.rit.croatia.iste422.g6.qf.controller.handler.CreateProjectHandler:57 - Finished loading the file.
2023-11-13 19:37:31.605 INFO edu.rit.croatia.iste422.g6.qf.controller.QueryfierManager:124 - Attribute Editor Screen setup start
2023-11-13 19:37:31.683 INFO edu.rit.croatia.iste422.g6.qf.controller.QueryfierManager:282 - Attribute Editor Screen Handlers setup start
2023-11-13 19:37:31.683 INFO edu.rit.croatia.iste422.g6.qf.controller.QueryfierManager:245 - Menu Item Handlers setup start
2023-11-13 19:37:31.686 INFO edu.rit.croatia.iste422.g6.qf.controller.QueryfierManager:266 - Menu Item Handlers setup finish
2023-11-13 19:37:31.689 INFO edu.rit.croatia.iste422.g6.qf.controller.QueryfierManager:304 - Attribute Editor Screen Handlers setup finish
2023-11-13 19:37:31.689 INFO edu.rit.croatia.iste422.g6.qf.controller.QueryfierManager:177 - Attribute Editor Screen setup finish
2023-11-13 19:38:53.597 INFO edu.rit.croatia.iste422.g6.qf.controller.QueryfierManager:78 - Initialization started
2023-11-13 19:38:53.599 INFO edu.rit.croatia.iste422.g6.qf.model.app.QueryfierConfiguration:211 - Configuration loading initiated
2023-11-13 19:38:53.600 INFO edu.rit.croatia.iste422.g6.qf.model.app.QueryfierConfiguration:253 - Configuration loading finalized
2023-11-13 19:38:53.600 INFO edu.rit.croatia.iste422.g6.qf.controller.QueryfierManager:97 - Welcome Screen setup start
2023-11-13 19:38:53.872 INFO edu.rit.croatia.iste422.g6.qf.controller.QueryfierManager:270 - Welcome Screen Handlers setup start
2023-11-13 19:38:53.874 INFO edu.rit.croatia.iste422.g6.qf.controller.QueryfierManager:278 - Welcome Screen Handlers setup finish
2023-11-13 19:38:53.874 INFO edu.rit.croatia.iste422.g6.qf.controller.QueryfierManager:119 - Welcome Screen setup finish
2023-11-13 19:38:53.874 INFO edu.rit.croatia.iste422.g6.qf.controller.QueryfierManager:92 - Initialization finished
2023-11-13 19:38:55.487 INFO edu.rit.croatia.iste422.g6.qf.model.QueryfierStorage:73 - File loading started
2023-11-13 19:38:55.490 INFO edu.rit.croatia.iste422.g6.qf.model.QueryfierStorage:92 - File parsing initialized
2023-11-13 19:38:55.491 INFO edu.rit.croatia.iste422.g6.qf.io.parser.XMLFileParser:35 - XML File Parser has been selected!
2023-11-13 19:38:55.496 INFO edu.rit.croatia.iste422.g6.qf.model.QueryfierStorage:103 - File parsing successful
2023-11-13 19:38:55.638 INFO edu.rit.croatia.iste422.g6.qf.controller.QueryfierManager:124 - Attribute Editor Screen setup start
2023-11-13 19:38:55.716 INFO edu.rit.croatia.iste422.g6.qf.controller.QueryfierManager:282 - Attribute Editor Screen Handlers setup start
2023-11-13 19:38:55.717 INFO edu.rit.croatia.iste422.g6.qf.controller.QueryfierManager:245 - Menu Item Handlers setup start
2023-11-13 19:38:55.719 INFO edu.rit.croatia.iste422.g6.qf.controller.QueryfierManager:266 - Menu Item Handlers setup finish
2023-11-13 19:38:55.722 INFO edu.rit.croatia.iste422.g6.qf.controller.QueryfierManager:304 - Attribute Editor Screen Handlers setup finish
2023-11-13 19:38:55.722 INFO edu.rit.croatia.iste422.g6.qf.controller.QueryfierManager:177 - Attribute Editor Screen setup finish
2023-11-13 19:39:16.041 INFO edu.rit.croatia.iste422.g6.qf.controller.QueryfierManager:78 - Initialization started
2023-11-13 19:39:16.043 INFO edu.rit.croatia.iste422.g6.qf.model.app.QueryfierConfiguration:211 - Configuration loading initiated
2023-11-13 19:39:16.045 INFO edu.rit.croatia.iste422.g6.qf.model.app.QueryfierConfiguration:253 - Configuration loading finalized
2023-11-13 19:39:16.045 INFO edu.rit.croatia.iste422.g6.qf.controller.QueryfierManager:97 - Welcome Screen setup start
2023-11-13 19:39:16.312 INFO edu.rit.croatia.iste422.g6.qf.controller.QueryfierManager:270 - Welcome Screen Handlers setup start
2023-11-13 19:39:16.314 INFO edu.rit.croatia.iste422.g6.qf.controller.QueryfierManager:278 - Welcome Screen Handlers setup finish
2023-11-13 19:39:16.314 INFO edu.rit.croatia.iste422.g6.qf.controller.QueryfierManager:119 - Welcome Screen setup finish
2023-11-13 19:39:16.314 INFO edu.rit.croatia.iste422.g6.qf.controller.QueryfierManager:92 - Initialization finished
2023-11-13 19:39:19.705 INFO edu.rit.croatia.iste422.g6.qf.controller.handler.CreateProjectHandler:37 - Starting the opening of the file.
2023-11-13 19:39:22.093 INFO edu.rit.croatia.iste422.g6.qf.model.QueryfierStorage:73 - File loading started
2023-11-13 19:39:22.096 INFO edu.rit.croatia.iste422.g6.qf.model.QueryfierStorage:92 - File parsing initialized
2023-11-13 19:39:22.096 INFO edu.rit.croatia.iste422.g6.qf.io.parser.XMLFileParser:35 - XML File Parser has been selected!
2023-11-13 19:39:22.102 INFO edu.rit.croatia.iste422.g6.qf.model.QueryfierStorage:103 - File parsing successful
2023-11-13 19:39:22.102 INFO edu.rit.croatia.iste422.g6.qf.controller.handler.CreateProjectHandler:57 - Finished loading the file.
2023-11-13 19:39:22.243 INFO edu.rit.croatia.iste422.g6.qf.controller.QueryfierManager:124 - Attribute Editor Screen setup start
2023-11-13 19:39:22.321 INFO edu.rit.croatia.iste422.g6.qf.controller.QueryfierManager:282 - Attribute Editor Screen Handlers setup start
2023-11-13 19:39:22.321 INFO edu.rit.croatia.iste422.g6.qf.controller.QueryfierManager:245 - Menu Item Handlers setup start
2023-11-13 19:39:22.324 INFO edu.rit.croatia.iste422.g6.qf.controller.QueryfierManager:266 - Menu Item Handlers setup finish
2023-11-13 19:39:22.326 INFO edu.rit.croatia.iste422.g6.qf.controller.QueryfierManager:304 - Attribute Editor Screen Handlers setup finish
2023-11-13 19:39:22.326 INFO edu.rit.croatia.iste422.g6.qf.controller.QueryfierManager:177 - Attribute Editor Screen setup finish
2023-11-13 19:43:58.015 INFO edu.rit.croatia.iste422.g6.qf.controller.QueryfierManager:78 - Initialization started
2023-11-13 19:43:58.018 INFO edu.rit.croatia.iste422.g6.qf.model.app.QueryfierConfiguration:211 - Configuration loading initiated
2023-11-13 19:43:58.019 INFO edu.rit.croatia.iste422.g6.qf.model.app.QueryfierConfiguration:253 - Configuration loading finalized
2023-11-13 19:43:58.020 INFO edu.rit.croatia.iste422.g6.qf.controller.QueryfierManager:97 - Welcome Screen setup start
2023-11-13 19:43:58.429 INFO edu.rit.croatia.iste422.g6.qf.controller.QueryfierManager:270 - Welcome Screen Handlers setup start
2023-11-13 19:43:58.431 INFO edu.rit.croatia.iste422.g6.qf.controller.QueryfierManager:278 - Welcome Screen Handlers setup finish
2023-11-13 19:43:58.431 INFO edu.rit.croatia.iste422.g6.qf.controller.QueryfierManager:119 - Welcome Screen setup finish
2023-11-13 19:43:58.431 INFO edu.rit.croatia.iste422.g6.qf.controller.QueryfierManager:92 - Initialization finished
2023-11-13 19:44:00.001 INFO edu.rit.croatia.iste422.g6.qf.controller.handler.CreateProjectHandler:37 - Starting the opening of the file.
2023-11-13 19:44:02.981 INFO edu.rit.croatia.iste422.g6.qf.model.QueryfierStorage:73 - File loading started
2023-11-13 19:44:02.983 INFO edu.rit.croatia.iste422.g6.qf.model.QueryfierStorage:92 - File parsing initialized
2023-11-13 19:44:02.984 INFO edu.rit.croatia.iste422.g6.qf.io.parser.XMLFileParser:35 - XML File Parser has been selected!
2023-11-13 19:44:02.988 INFO edu.rit.croatia.iste422.g6.qf.model.QueryfierStorage:103 - File parsing successful
2023-11-13 19:44:02.988 INFO edu.rit.croatia.iste422.g6.qf.controller.handler.CreateProjectHandler:57 - Finished loading the file.
2023-11-13 19:44:03.138 INFO edu.rit.croatia.iste422.g6.qf.controller.QueryfierManager:124 - Attribute Editor Screen setup start
2023-11-13 19:44:38.070 INFO edu.rit.croatia.iste422.g6.qf.controller.QueryfierManager:78 - Initialization started
2023-11-13 19:44:38.072 INFO edu.rit.croatia.iste422.g6.qf.model.app.QueryfierConfiguration:211 - Configuration loading initiated
2023-11-13 19:44:38.074 INFO edu.rit.croatia.iste422.g6.qf.model.app.QueryfierConfiguration:253 - Configuration loading finalized
2023-11-13 19:44:38.074 INFO edu.rit.croatia.iste422.g6.qf.controller.QueryfierManager:97 - Welcome Screen setup start
2023-11-13 19:44:38.452 INFO edu.rit.croatia.iste422.g6.qf.controller.QueryfierManager:270 - Welcome Screen Handlers setup start
2023-11-13 19:44:38.454 INFO edu.rit.croatia.iste422.g6.qf.controller.QueryfierManager:278 - Welcome Screen Handlers setup finish
2023-11-13 19:44:38.454 INFO edu.rit.croatia.iste422.g6.qf.controller.QueryfierManager:119 - Welcome Screen setup finish
2023-11-13 19:44:38.454 INFO edu.rit.croatia.iste422.g6.qf.controller.QueryfierManager:92 - Initialization finished
2023-11-13 19:44:40.203 INFO edu.rit.croatia.iste422.g6.qf.model.QueryfierStorage:73 - File loading started
2023-11-13 19:44:40.205 INFO edu.rit.croatia.iste422.g6.qf.model.QueryfierStorage:92 - File parsing initialized
2023-11-13 19:44:40.205 INFO edu.rit.croatia.iste422.g6.qf.io.parser.XMLFileParser:35 - XML File Parser has been selected!
2023-11-13 19:44:40.209 INFO edu.rit.croatia.iste422.g6.qf.model.QueryfierStorage:103 - File parsing successful
2023-11-13 19:44:40.353 INFO edu.rit.croatia.iste422.g6.qf.controller.QueryfierManager:124 - Attribute Editor Screen setup start
2023-11-13 19:45:19.741 INFO edu.rit.croatia.iste422.g6.qf.controller.QueryfierManager:78 - Initialization started
2023-11-13 19:45:19.743 INFO edu.rit.croatia.iste422.g6.qf.model.app.QueryfierConfiguration:211 - Configuration loading initiated
2023-11-13 19:45:19.745 INFO edu.rit.croatia.iste422.g6.qf.model.app.QueryfierConfiguration:253 - Configuration loading finalized
2023-11-13 19:45:19.745 INFO edu.rit.croatia.iste422.g6.qf.controller.QueryfierManager:97 - Welcome Screen setup start
2023-11-13 19:45:20.049 INFO edu.rit.croatia.iste422.g6.qf.controller.QueryfierManager:270 - Welcome Screen Handlers setup start
2023-11-13 19:45:20.051 INFO edu.rit.croatia.iste422.g6.qf.controller.QueryfierManager:278 - Welcome Screen Handlers setup finish
2023-11-13 19:45:20.051 INFO edu.rit.croatia.iste422.g6.qf.controller.QueryfierManager:119 - Welcome Screen setup finish
2023-11-13 19:45:20.051 INFO edu.rit.croatia.iste422.g6.qf.controller.QueryfierManager:92 - Initialization finished
2023-11-13 19:45:21.740 INFO edu.rit.croatia.iste422.g6.qf.model.QueryfierStorage:73 - File loading started
2023-11-13 19:45:21.743 INFO edu.rit.croatia.iste422.g6.qf.model.QueryfierStorage:92 - File parsing initialized
2023-11-13 19:45:21.743 INFO edu.rit.croatia.iste422.g6.qf.io.parser.XMLFileParser:35 - XML File Parser has been selected!
2023-11-13 19:45:21.748 INFO edu.rit.croatia.iste422.g6.qf.model.QueryfierStorage:103 - File parsing successful
2023-11-13 19:45:21.898 INFO edu.rit.croatia.iste422.g6.qf.controller.QueryfierManager:124 - Attribute Editor Screen setup start
2023-11-13 19:45:24.770 INFO edu.rit.croatia.iste422.g6.qf.model.app.QueryfierConfiguration:83 - Configuration saving initiated
2023-11-13 19:45:24.820 INFO edu.rit.croatia.iste422.g6.qf.model.app.QueryfierConfiguration:131 - Configuration saving finalized
2023-11-13 19:45:36.528 INFO edu.rit.croatia.iste422.g6.qf.controller.QueryfierManager:78 - Initialization started
2023-11-13 19:45:36.530 INFO edu.rit.croatia.iste422.g6.qf.model.app.QueryfierConfiguration:211 - Configuration loading initiated
2023-11-13 19:45:36.531 INFO edu.rit.croatia.iste422.g6.qf.model.app.QueryfierConfiguration:253 - Configuration loading finalized
2023-11-13 19:45:36.532 INFO edu.rit.croatia.iste422.g6.qf.controller.QueryfierManager:97 - Welcome Screen setup start
2023-11-13 19:45:36.799 INFO edu.rit.croatia.iste422.g6.qf.controller.QueryfierManager:270 - Welcome Screen Handlers setup start
2023-11-13 19:45:36.801 INFO edu.rit.croatia.iste422.g6.qf.controller.QueryfierManager:278 - Welcome Screen Handlers setup finish
2023-11-13 19:45:36.801 INFO edu.rit.croatia.iste422.g6.qf.controller.QueryfierManager:119 - Welcome Screen setup finish
2023-11-13 19:45:36.801 INFO edu.rit.croatia.iste422.g6.qf.controller.QueryfierManager:92 - Initialization finished
2023-11-13 19:45:38.021 INFO edu.rit.croatia.iste422.g6.qf.model.QueryfierStorage:73 - File loading started
2023-11-13 19:45:38.023 INFO edu.rit.croatia.iste422.g6.qf.model.QueryfierStorage:92 - File parsing initialized
2023-11-13 19:45:38.023 INFO edu.rit.croatia.iste422.g6.qf.io.parser.XMLFileParser:35 - XML File Parser has been selected!
2023-11-13 19:45:38.026 INFO edu.rit.croatia.iste422.g6.qf.model.QueryfierStorage:103 - File parsing successful
2023-11-13 19:45:38.159 INFO edu.rit.croatia.iste422.g6.qf.controller.QueryfierManager:124 - Attribute Editor Screen setup start
2023-11-13 19:45:38.240 INFO edu.rit.croatia.iste422.g6.qf.controller.QueryfierManager:282 - Attribute Editor Screen Handlers setup start
2023-11-13 19:45:38.240 INFO edu.rit.croatia.iste422.g6.qf.controller.QueryfierManager:245 - Menu Item Handlers setup start
2023-11-13 19:45:38.242 INFO edu.rit.croatia.iste422.g6.qf.controller.QueryfierManager:266 - Menu Item Handlers setup finish
2023-11-13 19:45:38.244 INFO edu.rit.croatia.iste422.g6.qf.controller.QueryfierManager:304 - Attribute Editor Screen Handlers setup finish
2023-11-13 19:45:38.244 INFO edu.rit.croatia.iste422.g6.qf.controller.QueryfierManager:177 - Attribute Editor Screen setup finish
2023-11-13 19:46:31.682 INFO edu.rit.croatia.iste422.g6.qf.controller.QueryfierManager:78 - Initialization started
2023-11-13 19:46:31.684 INFO edu.rit.croatia.iste422.g6.qf.model.app.QueryfierConfiguration:211 - Configuration loading initiated
2023-11-13 19:46:31.686 INFO edu.rit.croatia.iste422.g6.qf.model.app.QueryfierConfiguration:253 - Configuration loading finalized
2023-11-13 19:46:31.686 INFO edu.rit.croatia.iste422.g6.qf.controller.QueryfierManager:97 - Welcome Screen setup start
2023-11-13 19:46:32.011 INFO edu.rit.croatia.iste422.g6.qf.controller.QueryfierManager:270 - Welcome Screen Handlers setup start
2023-11-13 19:46:32.013 INFO edu.rit.croatia.iste422.g6.qf.controller.QueryfierManager:278 - Welcome Screen Handlers setup finish
2023-11-13 19:46:32.013 INFO edu.rit.croatia.iste422.g6.qf.controller.QueryfierManager:119 - Welcome Screen setup finish
2023-11-13 19:46:32.013 INFO edu.rit.croatia.iste422.g6.qf.controller.QueryfierManager:92 - Initialization finished
2023-11-13 19:46:37.636 INFO edu.rit.croatia.iste422.g6.qf.model.QueryfierStorage:73 - File loading started
2023-11-13 19:46:37.639 INFO edu.rit.croatia.iste422.g6.qf.model.QueryfierStorage:92 - File parsing initialized
2023-11-13 19:46:37.639 INFO edu.rit.croatia.iste422.g6.qf.io.parser.XMLFileParser:35 - XML File Parser has been selected!
2023-11-13 19:46:37.643 INFO edu.rit.croatia.iste422.g6.qf.model.QueryfierStorage:103 - File parsing successful
2023-11-13 19:46:37.782 INFO edu.rit.croatia.iste422.g6.qf.controller.QueryfierManager:124 - Attribute Editor Screen setup start
2023-11-13 19:46:37.862 INFO edu.rit.croatia.iste422.g6.qf.controller.QueryfierManager:282 - Attribute Editor Screen Handlers setup start
2023-11-13 19:46:37.862 INFO edu.rit.croatia.iste422.g6.qf.controller.QueryfierManager:245 - Menu Item Handlers setup start
2023-11-13 19:46:37.865 INFO edu.rit.croatia.iste422.g6.qf.controller.QueryfierManager:266 - Menu Item Handlers setup finish
2023-11-13 19:46:37.868 INFO edu.rit.croatia.iste422.g6.qf.controller.QueryfierManager:304 - Attribute Editor Screen Handlers setup finish
2023-11-13 19:46:37.868 INFO edu.rit.croatia.iste422.g6.qf.controller.QueryfierManager:177 - Attribute Editor Screen setup finish
2023-11-13 19:47:42.222 INFO edu.rit.croatia.iste422.g6.qf.controller.QueryfierManager:78 - Initialization started
2023-11-13 19:47:42.224 INFO edu.rit.croatia.iste422.g6.qf.model.app.QueryfierConfiguration:211 - Configuration loading initiated
2023-11-13 19:47:42.226 INFO edu.rit.croatia.iste422.g6.qf.model.app.QueryfierConfiguration:253 - Configuration loading finalized
2023-11-13 19:47:42.226 INFO edu.rit.croatia.iste422.g6.qf.controller.QueryfierManager:97 - Welcome Screen setup start
2023-11-13 19:47:42.506 INFO edu.rit.croatia.iste422.g6.qf.controller.QueryfierManager:270 - Welcome Screen Handlers setup start
2023-11-13 19:47:42.508 INFO edu.rit.croatia.iste422.g6.qf.controller.QueryfierManager:278 - Welcome Screen Handlers setup finish
2023-11-13 19:47:42.508 INFO edu.rit.croatia.iste422.g6.qf.controller.QueryfierManager:119 - Welcome Screen setup finish
2023-11-13 19:47:42.508 INFO edu.rit.croatia.iste422.g6.qf.controller.QueryfierManager:92 - Initialization finished
2023-11-13 19:47:43.789 INFO edu.rit.croatia.iste422.g6.qf.model.QueryfierStorage:73 - File loading started
2023-11-13 19:47:43.792 INFO edu.rit.croatia.iste422.g6.qf.model.QueryfierStorage:92 - File parsing initialized
2023-11-13 19:47:43.792 INFO edu.rit.croatia.iste422.g6.qf.io.parser.XMLFileParser:35 - XML File Parser has been selected!
2023-11-13 19:47:43.799 INFO edu.rit.croatia.iste422.g6.qf.model.QueryfierStorage:103 - File parsing successful
2023-11-13 19:47:43.942 INFO edu.rit.croatia.iste422.g6.qf.controller.QueryfierManager:124 - Attribute Editor Screen setup start
2023-11-13 19:47:46.621 INFO edu.rit.croatia.iste422.g6.qf.model.app.QueryfierConfiguration:83 - Configuration saving initiated
2023-11-13 19:47:46.676 INFO edu.rit.croatia.iste422.g6.qf.model.app.QueryfierConfiguration:131 - Configuration saving finalized
2023-11-13 19:47:50.388 INFO edu.rit.croatia.iste422.g6.qf.controller.QueryfierManager:78 - Initialization started
2023-11-13 19:47:50.392 INFO edu.rit.croatia.iste422.g6.qf.model.app.QueryfierConfiguration:211 - Configuration loading initiated
2023-11-13 19:47:50.396 INFO edu.rit.croatia.iste422.g6.qf.model.app.QueryfierConfiguration:253 - Configuration loading finalized
2023-11-13 19:47:50.396 INFO edu.rit.croatia.iste422.g6.qf.controller.QueryfierManager:97 - Welcome Screen setup start
2023-11-13 19:47:51.030 INFO edu.rit.croatia.iste422.g6.qf.controller.QueryfierManager:270 - Welcome Screen Handlers setup start
2023-11-13 19:47:51.034 INFO edu.rit.croatia.iste422.g6.qf.controller.QueryfierManager:278 - Welcome Screen Handlers setup finish
2023-11-13 19:47:51.034 INFO edu.rit.croatia.iste422.g6.qf.controller.QueryfierManager:119 - Welcome Screen setup finish
2023-11-13 19:47:51.034 INFO edu.rit.croatia.iste422.g6.qf.controller.QueryfierManager:92 - Initialization finished
2023-11-13 19:47:52.927 INFO edu.rit.croatia.iste422.g6.qf.model.QueryfierStorage:73 - File loading started
2023-11-13 19:47:52.930 INFO edu.rit.croatia.iste422.g6.qf.model.QueryfierStorage:92 - File parsing initialized
2023-11-13 19:47:52.930 INFO edu.rit.croatia.iste422.g6.qf.io.parser.XMLFileParser:35 - XML File Parser has been selected!
2023-11-13 19:47:52.933 INFO edu.rit.croatia.iste422.g6.qf.model.QueryfierStorage:103 - File parsing successful
2023-11-13 19:47:53.096 INFO edu.rit.croatia.iste422.g6.qf.controller.QueryfierManager:124 - Attribute Editor Screen setup start
2023-11-13 19:48:02.003 INFO edu.rit.croatia.iste422.g6.qf.model.app.QueryfierConfiguration:83 - Configuration saving initiated
2023-11-13 19:48:02.047 INFO edu.rit.croatia.iste422.g6.qf.model.app.QueryfierConfiguration:131 - Configuration saving finalized
2023-11-13 19:48:11.191 INFO edu.rit.croatia.iste422.g6.qf.controller.QueryfierManager:78 - Initialization started
2023-11-13 19:48:11.193 INFO edu.rit.croatia.iste422.g6.qf.model.app.QueryfierConfiguration:211 - Configuration loading initiated
2023-11-13 19:48:11.195 INFO edu.rit.croatia.iste422.g6.qf.model.app.QueryfierConfiguration:253 - Configuration loading finalized
2023-11-13 19:48:11.195 INFO edu.rit.croatia.iste422.g6.qf.controller.QueryfierManager:97 - Welcome Screen setup start
2023-11-13 19:48:11.482 INFO edu.rit.croatia.iste422.g6.qf.controller.QueryfierManager:270 - Welcome Screen Handlers setup start
2023-11-13 19:48:11.484 INFO edu.rit.croatia.iste422.g6.qf.controller.QueryfierManager:278 - Welcome Screen Handlers setup finish
2023-11-13 19:48:11.484 INFO edu.rit.croatia.iste422.g6.qf.controller.QueryfierManager:119 - Welcome Screen setup finish
2023-11-13 19:48:11.484 INFO edu.rit.croatia.iste422.g6.qf.controller.QueryfierManager:92 - Initialization finished
2023-11-13 19:48:12.486 INFO edu.rit.croatia.iste422.g6.qf.controller.handler.CreateProjectHandler:37 - Starting the opening of the file.
2023-11-13 19:48:16.373 INFO edu.rit.croatia.iste422.g6.qf.model.QueryfierStorage:73 - File loading started
2023-11-13 19:48:16.377 INFO edu.rit.croatia.iste422.g6.qf.model.QueryfierStorage:92 - File parsing initialized
2023-11-13 19:48:16.377 INFO edu.rit.croatia.iste422.g6.qf.io.parser.XMLFileParser:35 - XML File Parser has been selected!
2023-11-13 19:48:16.381 INFO edu.rit.croatia.iste422.g6.qf.model.QueryfierStorage:103 - File parsing successful
2023-11-13 19:48:16.521 INFO edu.rit.croatia.iste422.g6.qf.controller.QueryfierManager:124 - Attribute Editor Screen setup start
2023-11-13 19:48:18.704 INFO edu.rit.croatia.iste422.g6.qf.model.app.QueryfierConfiguration:83 - Configuration saving initiated
2023-11-13 19:48:18.745 INFO edu.rit.croatia.iste422.g6.qf.model.app.QueryfierConfiguration:131 - Configuration saving finalized
2023-11-13 19:48:30.859 INFO edu.rit.croatia.iste422.g6.qf.controller.QueryfierManager:78 - Initialization started
2023-11-13 19:48:30.861 INFO edu.rit.croatia.iste422.g6.qf.model.app.QueryfierConfiguration:211 - Configuration loading initiated
2023-11-13 19:48:30.863 INFO edu.rit.croatia.iste422.g6.qf.model.app.QueryfierConfiguration:253 - Configuration loading finalized
2023-11-13 19:48:30.863 INFO edu.rit.croatia.iste422.g6.qf.controller.QueryfierManager:97 - Welcome Screen setup start
2023-11-13 19:48:31.144 INFO edu.rit.croatia.iste422.g6.qf.controller.QueryfierManager:270 - Welcome Screen Handlers setup start
2023-11-13 19:48:31.146 INFO edu.rit.croatia.iste422.g6.qf.controller.QueryfierManager:278 - Welcome Screen Handlers setup finish
2023-11-13 19:48:31.146 INFO edu.rit.croatia.iste422.g6.qf.controller.QueryfierManager:119 - Welcome Screen setup finish
2023-11-13 19:48:31.146 INFO edu.rit.croatia.iste422.g6.qf.controller.QueryfierManager:92 - Initialization finished
2023-11-13 19:48:32.454 INFO edu.rit.croatia.iste422.g6.qf.model.QueryfierStorage:73 - File loading started
2023-11-13 19:48:32.456 INFO edu.rit.croatia.iste422.g6.qf.model.QueryfierStorage:92 - File parsing initialized
2023-11-13 19:48:32.457 INFO edu.rit.croatia.iste422.g6.qf.io.parser.XMLFileParser:35 - XML File Parser has been selected!
2023-11-13 19:48:32.460 INFO edu.rit.croatia.iste422.g6.qf.model.QueryfierStorage:103 - File parsing successful
2023-11-13 19:48:32.594 INFO edu.rit.croatia.iste422.g6.qf.controller.QueryfierManager:124 - Attribute Editor Screen setup start
2023-11-13 19:48:32.677 INFO edu.rit.croatia.iste422.g6.qf.controller.QueryfierManager:282 - Attribute Editor Screen Handlers setup start
2023-11-13 19:48:32.677 INFO edu.rit.croatia.iste422.g6.qf.controller.QueryfierManager:245 - Menu Item Handlers setup start
2023-11-13 19:48:32.680 INFO edu.rit.croatia.iste422.g6.qf.controller.QueryfierManager:266 - Menu Item Handlers setup finish
2023-11-13 19:48:32.682 INFO edu.rit.croatia.iste422.g6.qf.controller.QueryfierManager:304 - Attribute Editor Screen Handlers setup finish
2023-11-13 19:48:32.682 INFO edu.rit.croatia.iste422.g6.qf.controller.QueryfierManager:177 - Attribute Editor Screen setup finish
2023-11-13 19:48:59.076 INFO edu.rit.croatia.iste422.g6.qf.controller.QueryfierManager:78 - Initialization started
2023-11-13 19:48:59.079 INFO edu.rit.croatia.iste422.g6.qf.model.app.QueryfierConfiguration:211 - Configuration loading initiated
2023-11-13 19:48:59.081 INFO edu.rit.croatia.iste422.g6.qf.model.app.QueryfierConfiguration:253 - Configuration loading finalized
2023-11-13 19:48:59.081 INFO edu.rit.croatia.iste422.g6.qf.controller.QueryfierManager:97 - Welcome Screen setup start
2023-11-13 19:48:59.350 INFO edu.rit.croatia.iste422.g6.qf.controller.QueryfierManager:270 - Welcome Screen Handlers setup start
2023-11-13 19:48:59.354 INFO edu.rit.croatia.iste422.g6.qf.controller.QueryfierManager:278 - Welcome Screen Handlers setup finish
2023-11-13 19:48:59.354 INFO edu.rit.croatia.iste422.g6.qf.controller.QueryfierManager:119 - Welcome Screen setup finish
2023-11-13 19:48:59.354 INFO edu.rit.croatia.iste422.g6.qf.controller.QueryfierManager:92 - Initialization finished
2023-11-13 19:49:00.407 INFO edu.rit.croatia.iste422.g6.qf.model.QueryfierStorage:73 - File loading started
2023-11-13 19:49:00.410 INFO edu.rit.croatia.iste422.g6.qf.model.QueryfierStorage:92 - File parsing initialized
2023-11-13 19:49:00.410 INFO edu.rit.croatia.iste422.g6.qf.io.parser.XMLFileParser:35 - XML File Parser has been selected!
2023-11-13 19:49:00.416 INFO edu.rit.croatia.iste422.g6.qf.model.QueryfierStorage:103 - File parsing successful
2023-11-13 19:49:00.564 INFO edu.rit.croatia.iste422.g6.qf.controller.QueryfierManager:124 - Attribute Editor Screen setup start
2023-11-13 19:49:00.643 INFO edu.rit.croatia.iste422.g6.qf.controller.QueryfierManager:282 - Attribute Editor Screen Handlers setup start
2023-11-13 19:49:00.643 INFO edu.rit.croatia.iste422.g6.qf.controller.QueryfierManager:245 - Menu Item Handlers setup start
2023-11-13 19:49:00.645 INFO edu.rit.croatia.iste422.g6.qf.controller.QueryfierManager:266 - Menu Item Handlers setup finish
2023-11-13 19:49:00.648 INFO edu.rit.croatia.iste422.g6.qf.controller.QueryfierManager:304 - Attribute Editor Screen Handlers setup finish
2023-11-13 19:49:00.648 INFO edu.rit.croatia.iste422.g6.qf.controller.QueryfierManager:177 - Attribute Editor Screen setup finish
2023-11-13 19:49:22.313 INFO edu.rit.croatia.iste422.g6.qf.controller.QueryfierManager:78 - Initialization started
2023-11-13 19:49:22.315 INFO edu.rit.croatia.iste422.g6.qf.model.app.QueryfierConfiguration:211 - Configuration loading initiated
2023-11-13 19:49:22.317 INFO edu.rit.croatia.iste422.g6.qf.model.app.QueryfierConfiguration:253 - Configuration loading finalized
2023-11-13 19:49:22.317 INFO edu.rit.croatia.iste422.g6.qf.controller.QueryfierManager:97 - Welcome Screen setup start
2023-11-13 19:49:22.607 INFO edu.rit.croatia.iste422.g6.qf.controller.QueryfierManager:270 - Welcome Screen Handlers setup start
2023-11-13 19:49:22.609 INFO edu.rit.croatia.iste422.g6.qf.controller.QueryfierManager:278 - Welcome Screen Handlers setup finish
2023-11-13 19:49:22.609 INFO edu.rit.croatia.iste422.g6.qf.controller.QueryfierManager:119 - Welcome Screen setup finish
2023-11-13 19:49:22.610 INFO edu.rit.croatia.iste422.g6.qf.controller.QueryfierManager:92 - Initialization finished
2023-11-13 19:49:23.904 INFO edu.rit.croatia.iste422.g6.qf.model.QueryfierStorage:73 - File loading started
2023-11-13 19:49:23.907 INFO edu.rit.croatia.iste422.g6.qf.model.QueryfierStorage:92 - File parsing initialized
2023-11-13 19:49:23.907 INFO edu.rit.croatia.iste422.g6.qf.io.parser.XMLFileParser:35 - XML File Parser has been selected!
2023-11-13 19:49:23.912 INFO edu.rit.croatia.iste422.g6.qf.model.QueryfierStorage:103 - File parsing successful
2023-11-13 19:49:24.063 INFO edu.rit.croatia.iste422.g6.qf.controller.QueryfierManager:124 - Attribute Editor Screen setup start
2023-11-13 19:49:24.152 INFO edu.rit.croatia.iste422.g6.qf.controller.QueryfierManager:282 - Attribute Editor Screen Handlers setup start
2023-11-13 19:49:24.152 INFO edu.rit.croatia.iste422.g6.qf.controller.QueryfierManager:245 - Menu Item Handlers setup start
2023-11-13 19:49:24.154 INFO edu.rit.croatia.iste422.g6.qf.controller.QueryfierManager:266 - Menu Item Handlers setup finish
2023-11-13 19:49:24.157 INFO edu.rit.croatia.iste422.g6.qf.controller.QueryfierManager:304 - Attribute Editor Screen Handlers setup finish
2023-11-13 19:49:24.157 INFO edu.rit.croatia.iste422.g6.qf.controller.QueryfierManager:177 - Attribute Editor Screen setup finish
2023-11-13 19:50:01.391 INFO edu.rit.croatia.iste422.g6.qf.controller.QueryfierManager:78 - Initialization started
2023-11-13 19:50:01.393 INFO edu.rit.croatia.iste422.g6.qf.model.app.QueryfierConfiguration:211 - Configuration loading initiated
2023-11-13 19:50:01.395 INFO edu.rit.croatia.iste422.g6.qf.model.app.QueryfierConfiguration:253 - Configuration loading finalized
2023-11-13 19:50:01.395 INFO edu.rit.croatia.iste422.g6.qf.controller.QueryfierManager:97 - Welcome Screen setup start
2023-11-13 19:50:01.709 INFO edu.rit.croatia.iste422.g6.qf.controller.QueryfierManager:270 - Welcome Screen Handlers setup start
2023-11-13 19:50:01.711 INFO edu.rit.croatia.iste422.g6.qf.controller.QueryfierManager:278 - Welcome Screen Handlers setup finish
2023-11-13 19:50:01.711 INFO edu.rit.croatia.iste422.g6.qf.controller.QueryfierManager:119 - Welcome Screen setup finish
2023-11-13 19:50:01.711 INFO edu.rit.croatia.iste422.g6.qf.controller.QueryfierManager:92 - Initialization finished
2023-11-13 19:50:03.008 INFO edu.rit.croatia.iste422.g6.qf.model.QueryfierStorage:73 - File loading started
2023-11-13 19:50:03.011 INFO edu.rit.croatia.iste422.g6.qf.model.QueryfierStorage:92 - File parsing initialized
2023-11-13 19:50:03.012 INFO edu.rit.croatia.iste422.g6.qf.io.parser.XMLFileParser:35 - XML File Parser has been selected!
2023-11-13 19:50:03.017 INFO edu.rit.croatia.iste422.g6.qf.model.QueryfierStorage:103 - File parsing successful
2023-11-13 19:50:03.163 INFO edu.rit.croatia.iste422.g6.qf.controller.QueryfierManager:124 - Attribute Editor Screen setup start
2023-11-13 19:50:03.250 INFO edu.rit.croatia.iste422.g6.qf.controller.QueryfierManager:282 - Attribute Editor Screen Handlers setup start
2023-11-13 19:50:03.250 INFO edu.rit.croatia.iste422.g6.qf.controller.QueryfierManager:245 - Menu Item Handlers setup start
2023-11-13 19:50:03.253 INFO edu.rit.croatia.iste422.g6.qf.controller.QueryfierManager:266 - Menu Item Handlers setup finish
2023-11-13 19:50:03.255 INFO edu.rit.croatia.iste422.g6.qf.controller.QueryfierManager:304 - Attribute Editor Screen Handlers setup finish
2023-11-13 19:50:03.255 INFO edu.rit.croatia.iste422.g6.qf.controller.QueryfierManager:177 - Attribute Editor Screen setup finish
2023-11-13 19:50:33.611 INFO edu.rit.croatia.iste422.g6.qf.controller.QueryfierManager:78 - Initialization started
2023-11-13 19:50:33.613 INFO edu.rit.croatia.iste422.g6.qf.model.app.QueryfierConfiguration:211 - Configuration loading initiated
2023-11-13 19:50:33.616 INFO edu.rit.croatia.iste422.g6.qf.model.app.QueryfierConfiguration:253 - Configuration loading finalized
2023-11-13 19:50:33.616 INFO edu.rit.croatia.iste422.g6.qf.controller.QueryfierManager:97 - Welcome Screen setup start
2023-11-13 19:50:33.981 INFO edu.rit.croatia.iste422.g6.qf.controller.QueryfierManager:270 - Welcome Screen Handlers setup start
2023-11-13 19:50:33.984 INFO edu.rit.croatia.iste422.g6.qf.controller.QueryfierManager:278 - Welcome Screen Handlers setup finish
2023-11-13 19:50:33.984 INFO edu.rit.croatia.iste422.g6.qf.controller.QueryfierManager:119 - Welcome Screen setup finish
2023-11-13 19:50:33.984 INFO edu.rit.croatia.iste422.g6.qf.controller.QueryfierManager:92 - Initialization finished
2023-11-13 19:50:35.372 INFO edu.rit.croatia.iste422.g6.qf.model.QueryfierStorage:73 - File loading started
2023-11-13 19:50:35.375 INFO edu.rit.croatia.iste422.g6.qf.model.QueryfierStorage:92 - File parsing initialized
2023-11-13 19:50:35.375 INFO edu.rit.croatia.iste422.g6.qf.io.parser.XMLFileParser:35 - XML File Parser has been selected!
2023-11-13 19:50:35.382 INFO edu.rit.croatia.iste422.g6.qf.model.QueryfierStorage:103 - File parsing successful
2023-11-13 19:50:35.533 INFO edu.rit.croatia.iste422.g6.qf.controller.QueryfierManager:124 - Attribute Editor Screen setup start
2023-11-13 19:50:35.617 INFO edu.rit.croatia.iste422.g6.qf.controller.QueryfierManager:282 - Attribute Editor Screen Handlers setup start
2023-11-13 19:50:35.617 INFO edu.rit.croatia.iste422.g6.qf.controller.QueryfierManager:245 - Menu Item Handlers setup start
2023-11-13 19:50:35.619 INFO edu.rit.croatia.iste422.g6.qf.controller.QueryfierManager:266 - Menu Item Handlers setup finish
2023-11-13 19:50:35.622 INFO edu.rit.croatia.iste422.g6.qf.controller.QueryfierManager:304 - Attribute Editor Screen Handlers setup finish
2023-11-13 19:50:35.622 INFO edu.rit.croatia.iste422.g6.qf.controller.QueryfierManager:177 - Attribute Editor Screen setup finish
2023-11-13 19:53:37.049 INFO edu.rit.croatia.iste422.g6.qf.controller.QueryfierManager:78 - Initialization started
2023-11-13 19:53:37.051 INFO edu.rit.croatia.iste422.g6.qf.model.app.QueryfierConfiguration:211 - Configuration loading initiated
2023-11-13 19:53:37.052 INFO edu.rit.croatia.iste422.g6.qf.model.app.QueryfierConfiguration:253 - Configuration loading finalized
2023-11-13 19:53:37.052 INFO edu.rit.croatia.iste422.g6.qf.controller.QueryfierManager:97 - Welcome Screen setup start
2023-11-13 19:53:37.394 INFO edu.rit.croatia.iste422.g6.qf.controller.QueryfierManager:270 - Welcome Screen Handlers setup start
2023-11-13 19:53:37.396 INFO edu.rit.croatia.iste422.g6.qf.controller.QueryfierManager:278 - Welcome Screen Handlers setup finish
2023-11-13 19:53:37.396 INFO edu.rit.croatia.iste422.g6.qf.controller.QueryfierManager:119 - Welcome Screen setup finish
2023-11-13 19:53:37.396 INFO edu.rit.croatia.iste422.g6.qf.controller.QueryfierManager:92 - Initialization finished
2023-11-13 19:53:38.938 INFO edu.rit.croatia.iste422.g6.qf.model.QueryfierStorage:73 - File loading started
2023-11-13 19:53:38.939 INFO edu.rit.croatia.iste422.g6.qf.model.QueryfierStorage:92 - File parsing initialized
2023-11-13 19:53:38.939 INFO edu.rit.croatia.iste422.g6.qf.io.parser.XMLFileParser:35 - XML File Parser has been selected!
2023-11-13 19:53:38.943 INFO edu.rit.croatia.iste422.g6.qf.model.QueryfierStorage:103 - File parsing successful
2023-11-13 19:53:39.069 INFO edu.rit.croatia.iste422.g6.qf.controller.QueryfierManager:124 - Attribute Editor Screen setup start
2023-11-13 19:53:39.147 INFO edu.rit.croatia.iste422.g6.qf.controller.QueryfierManager:282 - Attribute Editor Screen Handlers setup start
2023-11-13 19:53:39.147 INFO edu.rit.croatia.iste422.g6.qf.controller.QueryfierManager:245 - Menu Item Handlers setup start
2023-11-13 19:53:39.149 INFO edu.rit.croatia.iste422.g6.qf.controller.QueryfierManager:266 - Menu Item Handlers setup finish
2023-11-13 19:53:39.151 INFO edu.rit.croatia.iste422.g6.qf.controller.QueryfierManager:304 - Attribute Editor Screen Handlers setup finish
2023-11-13 19:53:39.152 INFO edu.rit.croatia.iste422.g6.qf.controller.QueryfierManager:177 - Attribute Editor Screen setup finish
2023-11-13 19:54:43.267 INFO edu.rit.croatia.iste422.g6.qf.controller.QueryfierManager:78 - Initialization started
2023-11-13 19:54:43.270 INFO edu.rit.croatia.iste422.g6.qf.model.app.QueryfierConfiguration:211 - Configuration loading initiated
2023-11-13 19:54:43.272 INFO edu.rit.croatia.iste422.g6.qf.model.app.QueryfierConfiguration:253 - Configuration loading finalized
2023-11-13 19:54:43.273 INFO edu.rit.croatia.iste422.g6.qf.controller.QueryfierManager:97 - Welcome Screen setup start
2023-11-13 19:54:43.547 INFO edu.rit.croatia.iste422.g6.qf.controller.QueryfierManager:270 - Welcome Screen Handlers setup start
2023-11-13 19:54:43.549 INFO edu.rit.croatia.iste422.g6.qf.controller.QueryfierManager:278 - Welcome Screen Handlers setup finish
2023-11-13 19:54:43.549 INFO edu.rit.croatia.iste422.g6.qf.controller.QueryfierManager:119 - Welcome Screen setup finish
2023-11-13 19:54:43.549 INFO edu.rit.croatia.iste422.g6.qf.controller.QueryfierManager:92 - Initialization finished
2023-11-13 19:54:44.972 INFO edu.rit.croatia.iste422.g6.qf.model.QueryfierStorage:73 - File loading started
2023-11-13 19:54:44.975 INFO edu.rit.croatia.iste422.g6.qf.model.QueryfierStorage:92 - File parsing initialized
2023-11-13 19:54:44.975 INFO edu.rit.croatia.iste422.g6.qf.io.parser.XMLFileParser:35 - XML File Parser has been selected!
2023-11-13 19:54:44.979 INFO edu.rit.croatia.iste422.g6.qf.model.QueryfierStorage:103 - File parsing successful
2023-11-13 19:54:45.123 INFO edu.rit.croatia.iste422.g6.qf.controller.QueryfierManager:124 - Attribute Editor Screen setup start
2023-11-13 19:54:45.205 INFO edu.rit.croatia.iste422.g6.qf.controller.QueryfierManager:282 - Attribute Editor Screen Handlers setup start
2023-11-13 19:54:45.205 INFO edu.rit.croatia.iste422.g6.qf.controller.QueryfierManager:245 - Menu Item Handlers setup start
2023-11-13 19:54:45.208 INFO edu.rit.croatia.iste422.g6.qf.controller.QueryfierManager:266 - Menu Item Handlers setup finish
2023-11-13 19:54:45.210 INFO edu.rit.croatia.iste422.g6.qf.controller.QueryfierManager:304 - Attribute Editor Screen Handlers setup finish
2023-11-13 19:54:45.210 INFO edu.rit.croatia.iste422.g6.qf.controller.QueryfierManager:177 - Attribute Editor Screen setup finish
2023-11-13 20:01:04.020 INFO edu.rit.croatia.iste422.g6.qf.controller.QueryfierManager:78 - Initialization started
2023-11-13 20:01:04.022 INFO edu.rit.croatia.iste422.g6.qf.model.app.QueryfierConfiguration:211 - Configuration loading initiated
2023-11-13 20:01:04.023 INFO edu.rit.croatia.iste422.g6.qf.model.app.QueryfierConfiguration:253 - Configuration loading finalized
2023-11-13 20:01:04.023 INFO edu.rit.croatia.iste422.g6.qf.controller.QueryfierManager:97 - Welcome Screen setup start
2023-11-13 20:01:04.292 INFO edu.rit.croatia.iste422.g6.qf.controller.QueryfierManager:270 - Welcome Screen Handlers setup start
2023-11-13 20:01:04.295 INFO edu.rit.croatia.iste422.g6.qf.controller.QueryfierManager:278 - Welcome Screen Handlers setup finish
2023-11-13 20:01:04.295 INFO edu.rit.croatia.iste422.g6.qf.controller.QueryfierManager:119 - Welcome Screen setup finish
2023-11-13 20:01:04.295 INFO edu.rit.croatia.iste422.g6.qf.controller.QueryfierManager:92 - Initialization finished
2023-11-13 20:01:05.875 INFO edu.rit.croatia.iste422.g6.qf.model.QueryfierStorage:73 - File loading started
2023-11-13 20:01:05.878 INFO edu.rit.croatia.iste422.g6.qf.model.QueryfierStorage:92 - File parsing initialized
2023-11-13 20:01:05.878 INFO edu.rit.croatia.iste422.g6.qf.io.parser.XMLFileParser:35 - XML File Parser has been selected!
2023-11-13 20:01:05.882 INFO edu.rit.croatia.iste422.g6.qf.model.QueryfierStorage:103 - File parsing successful
2023-11-13 20:01:06.019 INFO edu.rit.croatia.iste422.g6.qf.controller.QueryfierManager:124 - Attribute Editor Screen setup start
2023-11-13 20:01:06.094 INFO edu.rit.croatia.iste422.g6.qf.controller.QueryfierManager:282 - Attribute Editor Screen Handlers setup start
2023-11-13 20:01:06.095 INFO edu.rit.croatia.iste422.g6.qf.controller.QueryfierManager:245 - Menu Item Handlers setup start
2023-11-13 20:01:06.097 INFO edu.rit.croatia.iste422.g6.qf.controller.QueryfierManager:266 - Menu Item Handlers setup finish
2023-11-13 20:01:06.099 INFO edu.rit.croatia.iste422.g6.qf.controller.QueryfierManager:304 - Attribute Editor Screen Handlers setup finish
2023-11-13 20:01:06.099 INFO edu.rit.croatia.iste422.g6.qf.controller.QueryfierManager:177 - Attribute Editor Screen setup finish
2023-11-13 20:01:23.174 INFO edu.rit.croatia.iste422.g6.qf.controller.QueryfierManager:78 - Initialization started
2023-11-13 20:01:23.176 INFO edu.rit.croatia.iste422.g6.qf.model.app.QueryfierConfiguration:211 - Configuration loading initiated
2023-11-13 20:01:23.178 INFO edu.rit.croatia.iste422.g6.qf.model.app.QueryfierConfiguration:253 - Configuration loading finalized
2023-11-13 20:01:23.178 INFO edu.rit.croatia.iste422.g6.qf.controller.QueryfierManager:97 - Welcome Screen setup start
2023-11-13 20:01:23.436 INFO edu.rit.croatia.iste422.g6.qf.controller.QueryfierManager:270 - Welcome Screen Handlers setup start
2023-11-13 20:01:23.438 INFO edu.rit.croatia.iste422.g6.qf.controller.QueryfierManager:278 - Welcome Screen Handlers setup finish
2023-11-13 20:01:23.439 INFO edu.rit.croatia.iste422.g6.qf.controller.QueryfierManager:119 - Welcome Screen setup finish
2023-11-13 20:01:23.439 INFO edu.rit.croatia.iste422.g6.qf.controller.QueryfierManager:92 - Initialization finished
2023-11-13 20:02:11.704 INFO edu.rit.croatia.iste422.g6.qf.controller.QueryfierManager:78 - Initialization started
2023-11-13 20:02:11.706 INFO edu.rit.croatia.iste422.g6.qf.model.app.QueryfierConfiguration:211 - Configuration loading initiated
2023-11-13 20:02:11.708 INFO edu.rit.croatia.iste422.g6.qf.model.app.QueryfierConfiguration:253 - Configuration loading finalized
2023-11-13 20:02:11.708 INFO edu.rit.croatia.iste422.g6.qf.controller.QueryfierManager:97 - Welcome Screen setup start
2023-11-13 20:02:11.984 INFO edu.rit.croatia.iste422.g6.qf.controller.QueryfierManager:270 - Welcome Screen Handlers setup start
2023-11-13 20:02:11.986 INFO edu.rit.croatia.iste422.g6.qf.controller.QueryfierManager:278 - Welcome Screen Handlers setup finish
2023-11-13 20:02:11.986 INFO edu.rit.croatia.iste422.g6.qf.controller.QueryfierManager:119 - Welcome Screen setup finish
2023-11-13 20:02:11.986 INFO edu.rit.croatia.iste422.g6.qf.controller.QueryfierManager:92 - Initialization finished
2023-11-13 20:02:13.432 INFO edu.rit.croatia.iste422.g6.qf.model.QueryfierStorage:73 - File loading started
2023-11-13 20:02:13.434 INFO edu.rit.croatia.iste422.g6.qf.model.QueryfierStorage:92 - File parsing initialized
2023-11-13 20:02:13.434 INFO edu.rit.croatia.iste422.g6.qf.io.parser.XMLFileParser:35 - XML File Parser has been selected!
2023-11-13 20:02:13.440 INFO edu.rit.croatia.iste422.g6.qf.model.QueryfierStorage:103 - File parsing successful
2023-11-13 20:02:13.583 INFO edu.rit.croatia.iste422.g6.qf.controller.QueryfierManager:124 - Attribute Editor Screen setup start
2023-11-13 20:02:13.657 INFO edu.rit.croatia.iste422.g6.qf.controller.QueryfierManager:282 - Attribute Editor Screen Handlers setup start
2023-11-13 20:02:13.657 INFO edu.rit.croatia.iste422.g6.qf.controller.QueryfierManager:245 - Menu Item Handlers setup start
2023-11-13 20:02:13.659 INFO edu.rit.croatia.iste422.g6.qf.controller.QueryfierManager:266 - Menu Item Handlers setup finish
2023-11-13 20:02:13.662 INFO edu.rit.croatia.iste422.g6.qf.controller.QueryfierManager:304 - Attribute Editor Screen Handlers setup finish
2023-11-13 20:02:13.662 INFO edu.rit.croatia.iste422.g6.qf.controller.QueryfierManager:177 - Attribute Editor Screen setup finish
2023-11-13 20:02:34.059 INFO edu.rit.croatia.iste422.g6.qf.controller.QueryfierManager:78 - Initialization started
2023-11-13 20:02:34.060 INFO edu.rit.croatia.iste422.g6.qf.model.app.QueryfierConfiguration:211 - Configuration loading initiated
2023-11-13 20:02:34.062 INFO edu.rit.croatia.iste422.g6.qf.model.app.QueryfierConfiguration:253 - Configuration loading finalized
2023-11-13 20:02:34.062 INFO edu.rit.croatia.iste422.g6.qf.controller.QueryfierManager:97 - Welcome Screen setup start
2023-11-13 20:02:34.389 INFO edu.rit.croatia.iste422.g6.qf.controller.QueryfierManager:270 - Welcome Screen Handlers setup start
2023-11-13 20:02:34.391 INFO edu.rit.croatia.iste422.g6.qf.controller.QueryfierManager:278 - Welcome Screen Handlers setup finish
2023-11-13 20:02:34.392 INFO edu.rit.croatia.iste422.g6.qf.controller.QueryfierManager:119 - Welcome Screen setup finish
2023-11-13 20:02:34.392 INFO edu.rit.croatia.iste422.g6.qf.controller.QueryfierManager:92 - Initialization finished
2023-11-13 20:02:35.501 INFO edu.rit.croatia.iste422.g6.qf.model.QueryfierStorage:73 - File loading started
2023-11-13 20:02:35.505 INFO edu.rit.croatia.iste422.g6.qf.model.QueryfierStorage:92 - File parsing initialized
2023-11-13 20:02:35.505 INFO edu.rit.croatia.iste422.g6.qf.io.parser.XMLFileParser:35 - XML File Parser has been selected!
2023-11-13 20:02:35.511 INFO edu.rit.croatia.iste422.g6.qf.model.QueryfierStorage:103 - File parsing successful
2023-11-13 20:02:35.653 INFO edu.rit.croatia.iste422.g6.qf.controller.QueryfierManager:124 - Attribute Editor Screen setup start
2023-11-13 20:02:35.731 INFO edu.rit.croatia.iste422.g6.qf.controller.QueryfierManager:282 - Attribute Editor Screen Handlers setup start
2023-11-13 20:02:35.731 INFO edu.rit.croatia.iste422.g6.qf.controller.QueryfierManager:245 - Menu Item Handlers setup start
2023-11-13 20:02:35.733 INFO edu.rit.croatia.iste422.g6.qf.controller.QueryfierManager:266 - Menu Item Handlers setup finish
2023-11-13 20:02:35.736 INFO edu.rit.croatia.iste422.g6.qf.controller.QueryfierManager:304 - Attribute Editor Screen Handlers setup finish
2023-11-13 20:02:35.736 INFO edu.rit.croatia.iste422.g6.qf.controller.QueryfierManager:177 - Attribute Editor Screen setup finish
2023-11-13 20:02:48.476 INFO edu.rit.croatia.iste422.g6.qf.controller.QueryfierManager:78 - Initialization started
2023-11-13 20:02:48.477 INFO edu.rit.croatia.iste422.g6.qf.model.app.QueryfierConfiguration:211 - Configuration loading initiated
2023-11-13 20:02:48.479 INFO edu.rit.croatia.iste422.g6.qf.model.app.QueryfierConfiguration:253 - Configuration loading finalized
2023-11-13 20:02:48.479 INFO edu.rit.croatia.iste422.g6.qf.controller.QueryfierManager:97 - Welcome Screen setup start
2023-11-13 20:02:48.736 INFO edu.rit.croatia.iste422.g6.qf.controller.QueryfierManager:270 - Welcome Screen Handlers setup start
2023-11-13 20:02:48.738 INFO edu.rit.croatia.iste422.g6.qf.controller.QueryfierManager:278 - Welcome Screen Handlers setup finish
2023-11-13 20:02:48.738 INFO edu.rit.croatia.iste422.g6.qf.controller.QueryfierManager:119 - Welcome Screen setup finish
2023-11-13 20:02:48.738 INFO edu.rit.croatia.iste422.g6.qf.controller.QueryfierManager:92 - Initialization finished
2023-11-13 20:02:49.716 INFO edu.rit.croatia.iste422.g6.qf.model.QueryfierStorage:73 - File loading started
2023-11-13 20:02:49.717 INFO edu.rit.croatia.iste422.g6.qf.model.QueryfierStorage:92 - File parsing initialized
2023-11-13 20:02:49.717 INFO edu.rit.croatia.iste422.g6.qf.io.parser.XMLFileParser:35 - XML File Parser has been selected!
2023-11-13 20:02:49.720 INFO edu.rit.croatia.iste422.g6.qf.model.QueryfierStorage:103 - File parsing successful
2023-11-13 20:02:49.840 INFO edu.rit.croatia.iste422.g6.qf.controller.QueryfierManager:124 - Attribute Editor Screen setup start
2023-11-13 20:02:49.924 INFO edu.rit.croatia.iste422.g6.qf.controller.QueryfierManager:282 - Attribute Editor Screen Handlers setup start
2023-11-13 20:02:49.924 INFO edu.rit.croatia.iste422.g6.qf.controller.QueryfierManager:245 - Menu Item Handlers setup start
2023-11-13 20:02:49.928 INFO edu.rit.croatia.iste422.g6.qf.controller.QueryfierManager:266 - Menu Item Handlers setup finish
2023-11-13 20:02:49.932 INFO edu.rit.croatia.iste422.g6.qf.controller.QueryfierManager:304 - Attribute Editor Screen Handlers setup finish
2023-11-13 20:02:49.932 INFO edu.rit.croatia.iste422.g6.qf.controller.QueryfierManager:177 - Attribute Editor Screen setup finish
2023-11-13 20:03:41.080 INFO edu.rit.croatia.iste422.g6.qf.controller.QueryfierManager:78 - Initialization started
2023-11-13 20:03:41.082 INFO edu.rit.croatia.iste422.g6.qf.model.app.QueryfierConfiguration:211 - Configuration loading initiated
2023-11-13 20:03:41.084 INFO edu.rit.croatia.iste422.g6.qf.model.app.QueryfierConfiguration:253 - Configuration loading finalized
2023-11-13 20:03:41.084 INFO edu.rit.croatia.iste422.g6.qf.controller.QueryfierManager:97 - Welcome Screen setup start
2023-11-13 20:03:41.359 INFO edu.rit.croatia.iste422.g6.qf.controller.QueryfierManager:270 - Welcome Screen Handlers setup start
2023-11-13 20:03:41.361 INFO edu.rit.croatia.iste422.g6.qf.controller.QueryfierManager:278 - Welcome Screen Handlers setup finish
2023-11-13 20:03:41.361 INFO edu.rit.croatia.iste422.g6.qf.controller.QueryfierManager:119 - Welcome Screen setup finish
2023-11-13 20:03:41.361 INFO edu.rit.croatia.iste422.g6.qf.controller.QueryfierManager:92 - Initialization finished
2023-11-13 20:03:42.549 INFO edu.rit.croatia.iste422.g6.qf.model.QueryfierStorage:73 - File loading started
2023-11-13 20:03:42.552 INFO edu.rit.croatia.iste422.g6.qf.model.QueryfierStorage:92 - File parsing initialized
2023-11-13 20:03:42.552 INFO edu.rit.croatia.iste422.g6.qf.io.parser.XMLFileParser:35 - XML File Parser has been selected!
2023-11-13 20:03:42.555 INFO edu.rit.croatia.iste422.g6.qf.model.QueryfierStorage:103 - File parsing successful
2023-11-13 20:05:12.835 INFO edu.rit.croatia.iste422.g6.qf.controller.QueryfierManager:78 - Initialization started
2023-11-13 20:05:12.837 INFO edu.rit.croatia.iste422.g6.qf.model.app.QueryfierConfiguration:211 - Configuration loading initiated
2023-11-13 20:05:12.839 INFO edu.rit.croatia.iste422.g6.qf.model.app.QueryfierConfiguration:253 - Configuration loading finalized
2023-11-13 20:05:12.839 INFO edu.rit.croatia.iste422.g6.qf.controller.QueryfierManager:97 - Welcome Screen setup start
2023-11-13 20:05:13.103 INFO edu.rit.croatia.iste422.g6.qf.controller.QueryfierManager:270 - Welcome Screen Handlers setup start
2023-11-13 20:05:13.105 INFO edu.rit.croatia.iste422.g6.qf.controller.QueryfierManager:278 - Welcome Screen Handlers setup finish
2023-11-13 20:05:13.105 INFO edu.rit.croatia.iste422.g6.qf.controller.QueryfierManager:119 - Welcome Screen setup finish
2023-11-13 20:05:13.105 INFO edu.rit.croatia.iste422.g6.qf.controller.QueryfierManager:92 - Initialization finished
2023-11-13 20:05:14.048 INFO edu.rit.croatia.iste422.g6.qf.model.QueryfierStorage:73 - File loading started
2023-11-13 20:05:14.051 INFO edu.rit.croatia.iste422.g6.qf.model.QueryfierStorage:92 - File parsing initialized
2023-11-13 20:05:14.051 INFO edu.rit.croatia.iste422.g6.qf.io.parser.XMLFileParser:35 - XML File Parser has been selected!
2023-11-13 20:05:14.054 INFO edu.rit.croatia.iste422.g6.qf.model.QueryfierStorage:103 - File parsing successful
2023-11-13 20:05:14.184 INFO edu.rit.croatia.iste422.g6.qf.controller.QueryfierManager:124 - Attribute Editor Screen setup start
2023-11-13 20:05:14.261 INFO edu.rit.croatia.iste422.g6.qf.controller.QueryfierManager:282 - Attribute Editor Screen Handlers setup start
2023-11-13 20:05:14.261 INFO edu.rit.croatia.iste422.g6.qf.controller.QueryfierManager:245 - Menu Item Handlers setup start
2023-11-13 20:05:14.263 INFO edu.rit.croatia.iste422.g6.qf.controller.QueryfierManager:266 - Menu Item Handlers setup finish
2023-11-13 20:05:14.265 INFO edu.rit.croatia.iste422.g6.qf.controller.QueryfierManager:304 - Attribute Editor Screen Handlers setup finish
2023-11-13 20:05:14.265 INFO edu.rit.croatia.iste422.g6.qf.controller.QueryfierManager:177 - Attribute Editor Screen setup finish
2026-05-01 16:54:24.746 INFO edu.rit.croatia.iste422.g6.qf.controller.QueryfierManager:78 - Initialization started
2026-05-01 16:54:24.748 INFO edu.rit.croatia.iste422.g6.qf.model.app.QueryfierConfiguration:211 - Configuration loading initiated
2026-05-01 16:54:24.749 INFO edu.rit.croatia.iste422.g6.qf.model.app.QueryfierConfiguration:253 - Configuration loading finalized
2026-05-01 16:54:24.749 INFO edu.rit.croatia.iste422.g6.qf.controller.QueryfierManager:97 - Welcome Screen setup start
2026-05-01 16:54:24.979 INFO edu.rit.croatia.iste422.g6.qf.controller.QueryfierManager:261 - Welcome Screen Handlers setup start
2026-05-01 16:54:24.980 INFO edu.rit.croatia.iste422.g6.qf.controller.QueryfierManager:269 - Welcome Screen Handlers setup finish
2026-05-01 16:54:24.980 INFO edu.rit.croatia.iste422.g6.qf.controller.QueryfierManager:119 - Welcome Screen setup finish
2026-05-01 16:54:24.980 INFO edu.rit.croatia.iste422.g6.qf.controller.QueryfierManager:92 - Initialization finished
2026-05-01 16:54:38.472 INFO edu.rit.croatia.iste422.g6.qf.model.QueryfierStorage:73 - File loading started
2026-05-01 16:54:38.473 INFO edu.rit.croatia.iste422.g6.qf.model.QueryfierStorage:92 - File parsing initialized
2026-05-01 16:54:38.474 INFO edu.rit.croatia.iste422.g6.qf.io.parser.XMLFileParser:35 - XML File Parser has been selected!
2026-05-01 16:54:38.476 INFO edu.rit.croatia.iste422.g6.qf.model.QueryfierStorage:103 - File parsing successful
2026-05-01 16:55:01.353 INFO edu.rit.croatia.iste422.g6.qf.model.app.QueryfierConfiguration:83 - Configuration saving initiated
2026-05-01 16:55:01.376 INFO edu.rit.croatia.iste422.g6.qf.model.app.QueryfierConfiguration:131 - Configuration saving finalized
2026-05-01 16:55:10.359 INFO edu.rit.croatia.iste422.g6.qf.controller.QueryfierManager:78 - Initialization started
2026-05-01 16:55:10.360 INFO edu.rit.croatia.iste422.g6.qf.model.app.QueryfierConfiguration:211 - Configuration loading initiated
2026-05-01 16:55:10.362 INFO edu.rit.croatia.iste422.g6.qf.model.app.QueryfierConfiguration:253 - Configuration loading finalized
2026-05-01 16:55:10.362 INFO edu.rit.croatia.iste422.g6.qf.controller.QueryfierManager:97 - Welcome Screen setup start
2026-05-01 16:55:10.564 INFO edu.rit.croatia.iste422.g6.qf.controller.QueryfierManager:261 - Welcome Screen Handlers setup start
2026-05-01 16:55:10.566 INFO edu.rit.croatia.iste422.g6.qf.controller.QueryfierManager:269 - Welcome Screen Handlers setup finish
2026-05-01 16:55:10.566 INFO edu.rit.croatia.iste422.g6.qf.controller.QueryfierManager:119 - Welcome Screen setup finish
2026-05-01 16:55:10.566 INFO edu.rit.croatia.iste422.g6.qf.controller.QueryfierManager:92 - Initialization finished
2026-05-01 16:55:38.521 INFO edu.rit.croatia.iste422.g6.qf.controller.handler.CreateProjectHandler:37 - Starting the opening of the file.
2026-05-01 16:56:04.001 INFO edu.rit.croatia.iste422.g6.qf.model.QueryfierStorage:73 - File loading started
2026-05-01 16:56:04.005 INFO edu.rit.croatia.iste422.g6.qf.model.QueryfierStorage:92 - File parsing initialized
2026-05-01 16:56:04.005 INFO edu.rit.croatia.iste422.g6.qf.io.parser.EdgeFileParser:54 - Reading started.
2026-05-01 16:56:04.009 INFO edu.rit.croatia.iste422.g6.qf.io.parser.EdgeFileParser:136 - Adding Entity STUDENT to Hashmap.
2026-05-01 16:56:04.009 INFO edu.rit.croatia.iste422.g6.qf.io.parser.EdgeFileParser:136 - Adding Entity INSTRUCTOR to Hashmap.
2026-05-01 16:56:04.011 INFO edu.rit.croatia.iste422.g6.qf.io.parser.EdgeFileParser:149 - Setting ID attribute.
2026-05-01 16:56:04.011 INFO edu.rit.croatia.iste422.g6.qf.io.parser.EdgeFileParser:149 - Setting Name attribute.
2026-05-01 16:56:04.011 INFO edu.rit.croatia.iste422.g6.qf.io.parser.EdgeFileParser:149 - Setting InstructorID attribute.
2026-05-01 16:56:04.011 INFO edu.rit.croatia.iste422.g6.qf.io.parser.EdgeFileParser:149 - Setting ID attribute.
2026-05-01 16:56:04.012 INFO edu.rit.croatia.iste422.g6.qf.io.parser.EdgeFileParser:149 - Setting ID attribute.
2026-05-01 16:56:04.012 INFO edu.rit.croatia.iste422.g6.qf.io.parser.EdgeFileParser:149 - Setting FullName attribute.
2026-05-01 16:56:04.012 INFO edu.rit.croatia.iste422.g6.qf.io.parser.EdgeFileParser:149 - Setting FullName attribute.
2026-05-01 16:56:04.012 INFO edu.rit.croatia.iste422.g6.qf.io.parser.EdgeFileParser:136 - Adding Entity COURSE to Hashmap.
2026-05-01 16:56:04.013 INFO edu.rit.croatia.iste422.g6.qf.io.parser.EdgeFileParser:64 - Reading finished.
2026-05-01 16:56:04.013 INFO edu.rit.croatia.iste422.g6.qf.model.QueryfierStorage:103 - File parsing successful
2026-05-01 16:56:04.013 INFO edu.rit.croatia.iste422.g6.qf.controller.handler.CreateProjectHandler:57 - Finished loading the file.
2026-05-01 17:01:41.450 INFO edu.rit.croatia.iste422.g6.qf.controller.QueryfierManager:78 - Initialization started
2026-05-01 17:01:41.451 INFO edu.rit.croatia.iste422.g6.qf.model.app.QueryfierConfiguration:211 - Configuration loading initiated
2026-05-01 17:01:41.453 INFO edu.rit.croatia.iste422.g6.qf.model.app.QueryfierConfiguration:253 - Configuration loading finalized
2026-05-01 17:01:41.453 INFO edu.rit.croatia.iste422.g6.qf.controller.QueryfierManager:97 - Welcome Screen setup start
2026-05-01 17:01:41.646 INFO edu.rit.croatia.iste422.g6.qf.controller.QueryfierManager:261 - Welcome Screen Handlers setup start
2026-05-01 17:01:41.647 INFO edu.rit.croatia.iste422.g6.qf.controller.QueryfierManager:269 - Welcome Screen Handlers setup finish
2026-05-01 17:01:41.647 INFO edu.rit.croatia.iste422.g6.qf.controller.QueryfierManager:119 - Welcome Screen setup finish
2026-05-01 17:01:41.648 INFO edu.rit.croatia.iste422.g6.qf.controller.QueryfierManager:92 - Initialization finished
2026-05-01 17:01:53.468 INFO edu.rit.croatia.iste422.g6.qf.controller.handler.CreateProjectHandler:37 - Starting the opening of the file.
2026-05-01 17:01:58.358 INFO edu.rit.croatia.iste422.g6.qf.model.QueryfierStorage:73 - File loading started
2026-05-01 17:01:58.361 INFO edu.rit.croatia.iste422.g6.qf.model.QueryfierStorage:92 - File parsing initialized
2026-05-01 17:01:58.362 INFO edu.rit.croatia.iste422.g6.qf.io.parser.EdgeFileParser:54 - Reading started.
2026-05-01 17:01:58.365 INFO edu.rit.croatia.iste422.g6.qf.io.parser.EdgeFileParser:136 - Adding Entity STUDENT to Hashmap.
2026-05-01 17:01:58.366 INFO edu.rit.croatia.iste422.g6.qf.io.parser.EdgeFileParser:136 - Adding Entity INSTRUCTOR to Hashmap.
2026-05-01 17:01:58.367 INFO edu.rit.croatia.iste422.g6.qf.io.parser.EdgeFileParser:149 - Setting ID attribute.
2026-05-01 17:01:58.367 INFO edu.rit.croatia.iste422.g6.qf.io.parser.EdgeFileParser:149 - Setting Name attribute.
2026-05-01 17:01:58.367 INFO edu.rit.croatia.iste422.g6.qf.io.parser.EdgeFileParser:149 - Setting InstructorID attribute.
2026-05-01 17:01:58.368 INFO edu.rit.croatia.iste422.g6.qf.io.parser.EdgeFileParser:149 - Setting ID attribute.
2026-05-01 17:01:58.368 INFO edu.rit.croatia.iste422.g6.qf.io.parser.EdgeFileParser:149 - Setting ID attribute.
2026-05-01 17:01:58.368 INFO edu.rit.croatia.iste422.g6.qf.io.parser.EdgeFileParser:149 - Setting FullName attribute.
2026-05-01 17:01:58.368 INFO edu.rit.croatia.iste422.g6.qf.io.parser.EdgeFileParser:149 - Setting FullName attribute.
2026-05-01 17:01:58.369 INFO edu.rit.croatia.iste422.g6.qf.io.parser.EdgeFileParser:136 - Adding Entity COURSE to Hashmap.
2026-05-01 17:01:58.369 INFO edu.rit.croatia.iste422.g6.qf.io.parser.EdgeFileParser:64 - Reading finished.
2026-05-01 17:01:58.370 INFO edu.rit.croatia.iste422.g6.qf.model.QueryfierStorage:103 - File parsing successful
2026-05-01 17:01:58.370 INFO edu.rit.croatia.iste422.g6.qf.controller.handler.CreateProjectHandler:57 - Finished loading the file.
2026-05-01 17:01:58.464 INFO edu.rit.croatia.iste422.g6.qf.controller.QueryfierManager:124 - Attribute Editor Screen setup start
2026-05-01 17:01:58.521 INFO edu.rit.croatia.iste422.g6.qf.controller.QueryfierManager:273 - Attribute Editor Screen Handlers setup start
2026-05-01 17:01:58.521 INFO edu.rit.croatia.iste422.g6.qf.controller.QueryfierManager:236 - Menu Item Handlers setup start
2026-05-01 17:01:58.523 INFO edu.rit.croatia.iste422.g6.qf.controller.QueryfierManager:257 - Menu Item Handlers setup finish
2026-05-01 17:01:58.525 INFO edu.rit.croatia.iste422.g6.qf.controller.QueryfierManager:295 - Attribute Editor Screen Handlers setup finish
2026-05-01 17:01:58.525 INFO edu.rit.croatia.iste422.g6.qf.controller.QueryfierManager:168 - Attribute Editor Screen setup finish
2026-05-01 17:02:19.485 INFO edu.rit.croatia.iste422.g6.qf.controller.QueryfierManager:200 - Entity Relations Editor Screen setup start
2026-05-01 17:02:19.545 INFO edu.rit.croatia.iste422.g6.qf.controller.QueryfierManager:299 - Entity Relations Editor Screen Handlers setup start
2026-05-01 17:02:19.545 INFO edu.rit.croatia.iste422.g6.qf.controller.QueryfierManager:236 - Menu Item Handlers setup start
2026-05-01 17:02:19.545 INFO edu.rit.croatia.iste422.g6.qf.controller.QueryfierManager:257 - Menu Item Handlers setup finish
2026-05-01 17:02:19.546 INFO edu.rit.croatia.iste422.g6.qf.controller.QueryfierManager:308 - Entity Relations Editor Screen Handlers setup finish
2026-05-01 17:02:19.546 INFO edu.rit.croatia.iste422.g6.qf.controller.QueryfierManager:222 - Entity Relations Editor Screen setup finish
2026-05-01 17:02:34.767 INFO edu.rit.croatia.iste422.g6.qf.controller.QueryfierManager:124 - Attribute Editor Screen setup start
2026-05-01 17:02:34.821 INFO edu.rit.croatia.iste422.g6.qf.controller.QueryfierManager:273 - Attribute Editor Screen Handlers setup start
2026-05-01 17:02:34.822 INFO edu.rit.croatia.iste422.g6.qf.controller.QueryfierManager:236 - Menu Item Handlers setup start
2026-05-01 17:02:34.822 INFO edu.rit.croatia.iste422.g6.qf.controller.QueryfierManager:257 - Menu Item Handlers setup finish
2026-05-01 17:02:34.822 INFO edu.rit.croatia.iste422.g6.qf.controller.QueryfierManager:295 - Attribute Editor Screen Handlers setup finish
2026-05-01 17:02:34.822 INFO edu.rit.croatia.iste422.g6.qf.controller.QueryfierManager:168 - Attribute Editor Screen setup finish
2026-05-01 17:03:20.535 INFO edu.rit.croatia.iste422.g6.qf.model.app.QueryfierConfiguration:83 - Configuration saving initiated
2026-05-01 17:03:20.575 INFO edu.rit.croatia.iste422.g6.qf.model.app.QueryfierConfiguration:131 - Configuration saving finalized
2026-05-01 17:03:22.421 INFO edu.rit.croatia.iste422.g6.qf.model.app.QueryfierConfiguration:83 - Configuration saving initiated
2026-05-01 17:03:22.452 INFO edu.rit.croatia.iste422.g6.qf.model.app.QueryfierConfiguration:131 - Configuration saving finalized
2026-05-01 17:03:31.934 INFO edu.rit.croatia.iste422.g6.qf.controller.QueryfierManager:78 - Initialization started
2026-05-01 17:03:31.936 INFO edu.rit.croatia.iste422.g6.qf.model.app.QueryfierConfiguration:211 - Configuration loading initiated
2026-05-01 17:03:31.937 INFO edu.rit.croatia.iste422.g6.qf.model.app.QueryfierConfiguration:253 - Configuration loading finalized
2026-05-01 17:03:31.937 INFO edu.rit.croatia.iste422.g6.qf.controller.QueryfierManager:97 - Welcome Screen setup start
2026-05-01 17:03:32.135 INFO edu.rit.croatia.iste422.g6.qf.controller.QueryfierManager:261 - Welcome Screen Handlers setup start
2026-05-01 17:03:32.137 INFO edu.rit.croatia.iste422.g6.qf.controller.QueryfierManager:269 - Welcome Screen Handlers setup finish
2026-05-01 17:03:32.137 INFO edu.rit.croatia.iste422.g6.qf.controller.QueryfierManager:119 - Welcome Screen setup finish
2026-05-01 17:03:32.137 INFO edu.rit.croatia.iste422.g6.qf.controller.QueryfierManager:92 - Initialization finished
2026-05-01 17:03:50.769 INFO edu.rit.croatia.iste422.g6.qf.model.QueryfierStorage:73 - File loading started
2026-05-01 17:03:50.773 INFO edu.rit.croatia.iste422.g6.qf.model.QueryfierStorage:92 - File parsing initialized
2026-05-01 17:03:50.774 INFO edu.rit.croatia.iste422.g6.qf.io.parser.EdgeFileParser:54 - Reading started.
2026-05-01 17:03:50.779 INFO edu.rit.croatia.iste422.g6.qf.io.parser.EdgeFileParser:136 - Adding Entity STUDENT to Hashmap.
2026-05-01 17:03:50.779 INFO edu.rit.croatia.iste422.g6.qf.io.parser.EdgeFileParser:136 - Adding Entity INSTRUCTOR to Hashmap.
2026-05-01 17:03:50.781 INFO edu.rit.croatia.iste422.g6.qf.io.parser.EdgeFileParser:149 - Setting ID attribute.
2026-05-01 17:03:50.781 INFO edu.rit.croatia.iste422.g6.qf.io.parser.EdgeFileParser:149 - Setting Name attribute.
2026-05-01 17:03:50.781 INFO edu.rit.croatia.iste422.g6.qf.io.parser.EdgeFileParser:149 - Setting InstructorID attribute.
2026-05-01 17:03:50.781 INFO edu.rit.croatia.iste422.g6.qf.io.parser.EdgeFileParser:149 - Setting ID attribute.
2026-05-01 17:03:50.782 INFO edu.rit.croatia.iste422.g6.qf.io.parser.EdgeFileParser:149 - Setting ID attribute.
2026-05-01 17:03:50.782 INFO edu.rit.croatia.iste422.g6.qf.io.parser.EdgeFileParser:149 - Setting FullName attribute.
2026-05-01 17:03:50.782 INFO edu.rit.croatia.iste422.g6.qf.io.parser.EdgeFileParser:149 - Setting FullName attribute.
2026-05-01 17:03:50.782 INFO edu.rit.croatia.iste422.g6.qf.io.parser.EdgeFileParser:136 - Adding Entity COURSE to Hashmap.
2026-05-01 17:03:50.783 INFO edu.rit.croatia.iste422.g6.qf.io.parser.EdgeFileParser:64 - Reading finished.
2026-05-01 17:03:50.784 INFO edu.rit.croatia.iste422.g6.qf.model.QueryfierStorage:103 - File parsing successful
2026-05-01 17:03:50.881 INFO edu.rit.croatia.iste422.g6.qf.controller.QueryfierManager:124 - Attribute Editor Screen setup start
2026-05-01 17:03:50.932 INFO edu.rit.croatia.iste422.g6.qf.controller.QueryfierManager:273 - Attribute Editor Screen Handlers setup start
2026-05-01 17:03:50.932 INFO edu.rit.croatia.iste422.g6.qf.controller.QueryfierManager:236 - Menu Item Handlers setup start
2026-05-01 17:03:50.934 INFO edu.rit.croatia.iste422.g6.qf.controller.QueryfierManager:257 - Menu Item Handlers setup finish
2026-05-01 17:03:50.936 INFO edu.rit.croatia.iste422.g6.qf.controller.QueryfierManager:295 - Attribute Editor Screen Handlers setup finish
2026-05-01 17:03:50.936 INFO edu.rit.croatia.iste422.g6.qf.controller.QueryfierManager:168 - Attribute Editor Screen setup finish
2026-05-01 17:04:26.849 INFO edu.rit.croatia.iste422.g6.qf.model.QueryfierStorage:125 - Export file initialized
2026-05-01 17:04:26.853 INFO edu.rit.croatia.iste422.g6.qf.model.QueryfierStorage:142 - Export file successful
2026-05-01 17:11:46.355 INFO edu.rit.croatia.iste422.g6.qf.model.QueryfierStorage:125 - Export file initialized
2026-05-01 17:11:46.364 INFO edu.rit.croatia.iste422.g6.qf.model.QueryfierStorage:142 - Export file successful
2026-05-01 17:12:03.833 INFO edu.rit.croatia.iste422.g6.qf.model.QueryfierStorage:125 - Export file initialized
2026-05-01 17:12:03.836 INFO edu.rit.croatia.iste422.g6.qf.model.QueryfierStorage:142 - Export file successful
2026-05-01 17:29:03.792 INFO edu.rit.croatia.iste422.g6.qf.model.QueryfierStorage:73 - File loading started
2026-05-01 17:29:03.794 INFO edu.rit.croatia.iste422.g6.qf.model.QueryfierStorage:92 - File parsing initialized
2026-05-01 17:29:03.795 INFO edu.rit.croatia.iste422.g6.qf.io.parser.EdgeFileParser:54 - Reading started.
2026-05-01 17:29:03.795 INFO edu.rit.croatia.iste422.g6.qf.io.parser.EdgeFileParser:64 - Reading finished.
2026-05-01 17:29:03.796 INFO edu.rit.croatia.iste422.g6.qf.model.QueryfierStorage:103 - File parsing successful
2026-05-01 17:29:12.984 INFO edu.rit.croatia.iste422.g6.qf.model.QueryfierStorage:73 - File loading started
2026-05-01 17:29:12.984 INFO edu.rit.croatia.iste422.g6.qf.model.QueryfierStorage:92 - File parsing initialized
2026-05-01 17:29:12.985 INFO edu.rit.croatia.iste422.g6.qf.io.parser.EdgeFileParser:54 - Reading started.
2026-05-01 17:29:12.985 INFO edu.rit.croatia.iste422.g6.qf.io.parser.EdgeFileParser:136 - Adding Entity STUDENT to Hashmap.
2026-05-01 17:29:12.985 INFO edu.rit.croatia.iste422.g6.qf.io.parser.EdgeFileParser:136 - Adding Entity INSTRUCTOR to Hashmap.
2026-05-01 17:29:12.986 INFO edu.rit.croatia.iste422.g6.qf.io.parser.EdgeFileParser:149 - Setting ID attribute.
2026-05-01 17:29:12.986 INFO edu.rit.croatia.iste422.g6.qf.io.parser.EdgeFileParser:149 - Setting Name attribute.
2026-05-01 17:29:12.986 INFO edu.rit.croatia.iste422.g6.qf.io.parser.EdgeFileParser:149 - Setting InstructorID attribute.
2026-05-01 17:29:12.986 INFO edu.rit.croatia.iste422.g6.qf.io.parser.EdgeFileParser:149 - Setting ID attribute.
2026-05-01 17:29:12.986 INFO edu.rit.croatia.iste422.g6.qf.io.parser.EdgeFileParser:149 - Setting ID attribute.
2026-05-01 17:29:12.986 INFO edu.rit.croatia.iste422.g6.qf.io.parser.EdgeFileParser:149 - Setting FullName attribute.
2026-05-01 17:29:12.986 INFO edu.rit.croatia.iste422.g6.qf.io.parser.EdgeFileParser:149 - Setting FullName attribute.
2026-05-01 17:29:12.987 INFO edu.rit.croatia.iste422.g6.qf.io.parser.EdgeFileParser:136 - Adding Entity COURSE to Hashmap.
2026-05-01 17:29:12.987 INFO edu.rit.croatia.iste422.g6.qf.io.parser.EdgeFileParser:64 - Reading finished.
2026-05-01 17:29:12.987 INFO edu.rit.croatia.iste422.g6.qf.model.QueryfierStorage:103 - File parsing successful
2026-05-01 17:29:13.022 INFO edu.rit.croatia.iste422.g6.qf.controller.QueryfierManager:124 - Attribute Editor Screen setup start
2026-05-01 17:29:13.047 INFO edu.rit.croatia.iste422.g6.qf.controller.QueryfierManager:273 - Attribute Editor Screen Handlers setup start
2026-05-01 17:29:13.047 INFO edu.rit.croatia.iste422.g6.qf.controller.QueryfierManager:236 - Menu Item Handlers setup start
2026-05-01 17:29:13.047 INFO edu.rit.croatia.iste422.g6.qf.controller.QueryfierManager:257 - Menu Item Handlers setup finish
2026-05-01 17:29:13.047 INFO edu.rit.croatia.iste422.g6.qf.controller.QueryfierManager:295 - Attribute Editor Screen Handlers setup finish
2026-05-01 17:29:13.047 INFO edu.rit.croatia.iste422.g6.qf.controller.QueryfierManager:168 - Attribute Editor Screen setup finish
2026-05-01 17:31:03.958 INFO edu.rit.croatia.iste422.g6.qf.model.QueryfierStorage:73 - File loading started
2026-05-01 17:31:03.960 INFO edu.rit.croatia.iste422.g6.qf.model.QueryfierStorage:92 - File parsing initialized
2026-05-01 17:31:03.961 INFO edu.rit.croatia.iste422.g6.qf.io.parser.EdgeFileParser:54 - Reading started.
2026-05-01 17:31:03.961 INFO edu.rit.croatia.iste422.g6.qf.io.parser.EdgeFileParser:136 - Adding Entity STUDENT to Hashmap.
2026-05-01 17:31:03.961 INFO edu.rit.croatia.iste422.g6.qf.io.parser.EdgeFileParser:136 - Adding Entity INSTRUCTOR to Hashmap.
2026-05-01 17:31:03.961 INFO edu.rit.croatia.iste422.g6.qf.io.parser.EdgeFileParser:136 - Adding Entity COURSE to Hashmap.
2026-05-01 17:31:03.962 INFO edu.rit.croatia.iste422.g6.qf.io.parser.EdgeFileParser:149 - Setting ID(PK) attribute.
2026-05-01 17:31:03.962 INFO edu.rit.croatia.iste422.g6.qf.io.parser.EdgeFileParser:149 - Setting FullName attribute.
2026-05-01 17:31:03.962 INFO edu.rit.croatia.iste422.g6.qf.io.parser.EdgeFileParser:149 - Setting ID(PK) attribute.
2026-05-01 17:31:03.962 INFO edu.rit.croatia.iste422.g6.qf.io.parser.EdgeFileParser:149 - Setting FullName attribute.
2026-05-01 17:31:03.962 INFO edu.rit.croatia.iste422.g6.qf.io.parser.EdgeFileParser:149 - Setting ID(PK) attribute.
2026-05-01 17:31:03.962 INFO edu.rit.croatia.iste422.g6.qf.io.parser.EdgeFileParser:149 - Setting Name attribute.
2026-05-01 17:31:03.962 INFO edu.rit.croatia.iste422.g6.qf.io.parser.EdgeFileParser:149 - Setting InstructorID(FK) attribute.
2026-05-01 17:31:03.962 INFO edu.rit.croatia.iste422.g6.qf.io.parser.EdgeFileParser:64 - Reading finished.
2026-05-01 17:31:03.962 INFO edu.rit.croatia.iste422.g6.qf.model.QueryfierStorage:103 - File parsing successful
2026-05-01 17:31:03.993 INFO edu.rit.croatia.iste422.g6.qf.controller.QueryfierManager:124 - Attribute Editor Screen setup start
2026-05-01 17:31:04.022 INFO edu.rit.croatia.iste422.g6.qf.controller.QueryfierManager:273 - Attribute Editor Screen Handlers setup start
2026-05-01 17:31:04.022 INFO edu.rit.croatia.iste422.g6.qf.controller.QueryfierManager:236 - Menu Item Handlers setup start
2026-05-01 17:31:04.022 INFO edu.rit.croatia.iste422.g6.qf.controller.QueryfierManager:257 - Menu Item Handlers setup finish
2026-05-01 17:31:04.022 INFO edu.rit.croatia.iste422.g6.qf.controller.QueryfierManager:295 - Attribute Editor Screen Handlers setup finish
2026-05-01 17:31:04.022 INFO edu.rit.croatia.iste422.g6.qf.controller.QueryfierManager:168 - Attribute Editor Screen setup finish
2026-05-01 17:31:13.382 INFO edu.rit.croatia.iste422.g6.qf.controller.QueryfierManager:200 - Entity Relations Editor Screen setup start
2026-05-01 17:31:13.441 INFO edu.rit.croatia.iste422.g6.qf.controller.QueryfierManager:299 - Entity Relations Editor Screen Handlers setup start
2026-05-01 17:31:13.441 INFO edu.rit.croatia.iste422.g6.qf.controller.QueryfierManager:236 - Menu Item Handlers setup start
2026-05-01 17:31:13.441 INFO edu.rit.croatia.iste422.g6.qf.controller.QueryfierManager:257 - Menu Item Handlers setup finish
2026-05-01 17:31:13.442 INFO edu.rit.croatia.iste422.g6.qf.controller.QueryfierManager:308 - Entity Relations Editor Screen Handlers setup finish
2026-05-01 17:31:13.442 INFO edu.rit.croatia.iste422.g6.qf.controller.QueryfierManager:222 - Entity Relations Editor Screen setup finish
2026-05-01 17:32:11.002 INFO edu.rit.croatia.iste422.g6.qf.model.app.QueryfierConfiguration:83 - Configuration saving initiated
2026-05-01 17:32:11.055 INFO edu.rit.croatia.iste422.g6.qf.model.app.QueryfierConfiguration:131 - Configuration saving finalized
2026-05-01 17:39:51.772 INFO edu.rit.croatia.iste422.g6.qf.controller.QueryfierManager:78 - Initialization started
2026-05-01 17:39:51.774 INFO edu.rit.croatia.iste422.g6.qf.model.app.QueryfierConfiguration:211 - Configuration loading initiated
2026-05-01 17:39:51.775 INFO edu.rit.croatia.iste422.g6.qf.model.app.QueryfierConfiguration:253 - Configuration loading finalized
2026-05-01 17:39:51.775 INFO edu.rit.croatia.iste422.g6.qf.controller.QueryfierManager:97 - Welcome Screen setup start
2026-05-01 17:39:52.003 INFO edu.rit.croatia.iste422.g6.qf.controller.QueryfierManager:261 - Welcome Screen Handlers setup start
2026-05-01 17:39:52.005 INFO edu.rit.croatia.iste422.g6.qf.controller.QueryfierManager:269 - Welcome Screen Handlers setup finish
2026-05-01 17:39:52.005 INFO edu.rit.croatia.iste422.g6.qf.controller.QueryfierManager:119 - Welcome Screen setup finish
2026-05-01 17:39:52.005 INFO edu.rit.croatia.iste422.g6.qf.controller.QueryfierManager:92 - Initialization finished
2026-05-01 17:40:16.636 INFO edu.rit.croatia.iste422.g6.qf.model.QueryfierStorage:73 - File loading started
2026-05-01 17:40:16.639 INFO edu.rit.croatia.iste422.g6.qf.model.QueryfierStorage:92 - File parsing initialized
2026-05-01 17:40:16.640 INFO edu.rit.croatia.iste422.g6.qf.io.parser.EdgeFileParser:54 - Reading started.
2026-05-01 17:40:16.642 INFO edu.rit.croatia.iste422.g6.qf.io.parser.EdgeFileParser:136 - Adding Entity STUDENT to Hashmap.
2026-05-01 17:40:16.642 INFO edu.rit.croatia.iste422.g6.qf.io.parser.EdgeFileParser:136 - Adding Entity INSTRUCTOR to Hashmap.
2026-05-01 17:40:16.642 INFO edu.rit.croatia.iste422.g6.qf.io.parser.EdgeFileParser:149 - Setting ID attribute.
2026-05-01 17:40:16.643 INFO edu.rit.croatia.iste422.g6.qf.io.parser.EdgeFileParser:149 - Setting Name attribute.
2026-05-01 17:40:16.643 INFO edu.rit.croatia.iste422.g6.qf.io.parser.EdgeFileParser:149 - Setting InstructorID attribute.
2026-05-01 17:40:16.643 INFO edu.rit.croatia.iste422.g6.qf.io.parser.EdgeFileParser:149 - Setting ID attribute.
2026-05-01 17:40:16.643 INFO edu.rit.croatia.iste422.g6.qf.io.parser.EdgeFileParser:149 - Setting ID attribute.
2026-05-01 17:40:16.643 INFO edu.rit.croatia.iste422.g6.qf.io.parser.EdgeFileParser:149 - Setting FullName attribute.
2026-05-01 17:40:16.643 INFO edu.rit.croatia.iste422.g6.qf.io.parser.EdgeFileParser:149 - Setting FullName attribute.
2026-05-01 17:40:16.643 INFO edu.rit.croatia.iste422.g6.qf.io.parser.EdgeFileParser:136 - Adding Entity COURSE to Hashmap.
2026-05-01 17:40:16.643 INFO edu.rit.croatia.iste422.g6.qf.io.parser.EdgeFileParser:64 - Reading finished.
2026-05-01 17:40:16.644 INFO edu.rit.croatia.iste422.g6.qf.model.QueryfierStorage:103 - File parsing successful
2026-05-01 17:40:16.739 INFO edu.rit.croatia.iste422.g6.qf.controller.QueryfierManager:124 - Attribute Editor Screen setup start
2026-05-01 17:40:16.803 INFO edu.rit.croatia.iste422.g6.qf.controller.QueryfierManager:273 - Attribute Editor Screen Handlers setup start
2026-05-01 17:40:16.803 INFO edu.rit.croatia.iste422.g6.qf.controller.QueryfierManager:236 - Menu Item Handlers setup start
2026-05-01 17:40:16.806 INFO edu.rit.croatia.iste422.g6.qf.controller.QueryfierManager:257 - Menu Item Handlers setup finish
2026-05-01 17:40:16.807 INFO edu.rit.croatia.iste422.g6.qf.controller.QueryfierManager:295 - Attribute Editor Screen Handlers setup finish
2026-05-01 17:40:16.808 INFO edu.rit.croatia.iste422.g6.qf.controller.QueryfierManager:168 - Attribute Editor Screen setup finish
2026-05-01 17:40:20.202 INFO edu.rit.croatia.iste422.g6.qf.controller.QueryfierManager:200 - Entity Relations Editor Screen setup start
2026-05-01 17:40:20.256 INFO edu.rit.croatia.iste422.g6.qf.controller.QueryfierManager:299 - Entity Relations Editor Screen Handlers setup start
2026-05-01 17:40:20.257 INFO edu.rit.croatia.iste422.g6.qf.controller.QueryfierManager:236 - Menu Item Handlers setup start
2026-05-01 17:40:20.257 INFO edu.rit.croatia.iste422.g6.qf.controller.QueryfierManager:257 - Menu Item Handlers setup finish
2026-05-01 17:40:20.257 INFO edu.rit.croatia.iste422.g6.qf.controller.QueryfierManager:308 - Entity Relations Editor Screen Handlers setup finish
2026-05-01 17:40:20.258 INFO edu.rit.croatia.iste422.g6.qf.controller.QueryfierManager:222 - Entity Relations Editor Screen setup finish
2026-05-01 17:40:23.070 INFO edu.rit.croatia.iste422.g6.qf.model.app.QueryfierConfiguration:83 - Configuration saving initiated
2026-05-01 17:40:23.104 INFO edu.rit.croatia.iste422.g6.qf.model.app.QueryfierConfiguration:131 - Configuration saving finalized
2026-05-01 17:50:31.430 INFO edu.rit.croatia.iste422.g6.qf.controller.QueryfierManager:78 - Initialization started
2026-05-01 17:50:31.432 INFO edu.rit.croatia.iste422.g6.qf.model.app.QueryfierConfiguration:211 - Configuration loading initiated
2026-05-01 17:50:31.433 INFO edu.rit.croatia.iste422.g6.qf.model.app.QueryfierConfiguration:253 - Configuration loading finalized
2026-05-01 17:50:31.433 INFO edu.rit.croatia.iste422.g6.qf.controller.QueryfierManager:97 - Welcome Screen setup start
2026-05-01 17:50:31.621 INFO edu.rit.croatia.iste422.g6.qf.controller.QueryfierManager:261 - Welcome Screen Handlers setup start
2026-05-01 17:50:31.623 INFO edu.rit.croatia.iste422.g6.qf.controller.QueryfierManager:269 - Welcome Screen Handlers setup finish
2026-05-01 17:50:31.623 INFO edu.rit.croatia.iste422.g6.qf.controller.QueryfierManager:119 - Welcome Screen setup finish
2026-05-01 17:50:31.623 INFO edu.rit.croatia.iste422.g6.qf.controller.QueryfierManager:92 - Initialization finished
2026-05-01 17:50:50.952 INFO edu.rit.croatia.iste422.g6.qf.controller.handler.CreateProjectHandler:37 - Starting the opening of the file.
2026-05-01 17:50:57.088 INFO edu.rit.croatia.iste422.g6.qf.model.QueryfierStorage:73 - File loading started
2026-05-01 17:50:57.091 INFO edu.rit.croatia.iste422.g6.qf.model.QueryfierStorage:92 - File parsing initialized
2026-05-01 17:50:57.091 INFO edu.rit.croatia.iste422.g6.qf.io.parser.EdgeFileParser:54 - Reading started.
2026-05-01 17:50:57.094 INFO edu.rit.croatia.iste422.g6.qf.io.parser.EdgeFileParser:136 - Adding Entity STUDENT to Hashmap.
2026-05-01 17:50:57.095 INFO edu.rit.croatia.iste422.g6.qf.io.parser.EdgeFileParser:136 - Adding Entity INSTRUCTOR to Hashmap.
2026-05-01 17:50:57.095 INFO edu.rit.croatia.iste422.g6.qf.io.parser.EdgeFileParser:136 - Adding Entity COURSE to Hashmap.
2026-05-01 17:50:57.096 INFO edu.rit.croatia.iste422.g6.qf.io.parser.EdgeFileParser:149 - Setting ID(PK) attribute.
2026-05-01 17:50:57.096 INFO edu.rit.croatia.iste422.g6.qf.io.parser.EdgeFileParser:149 - Setting FullName attribute.
2026-05-01 17:50:57.097 INFO edu.rit.croatia.iste422.g6.qf.io.parser.EdgeFileParser:149 - Setting ID(PK) attribute.
2026-05-01 17:50:57.097 INFO edu.rit.croatia.iste422.g6.qf.io.parser.EdgeFileParser:149 - Setting FullName attribute.
2026-05-01 17:50:57.097 INFO edu.rit.croatia.iste422.g6.qf.io.parser.EdgeFileParser:149 - Setting ID(PK) attribute.
2026-05-01 17:50:57.097 INFO edu.rit.croatia.iste422.g6.qf.io.parser.EdgeFileParser:149 - Setting Name attribute.
2026-05-01 17:50:57.098 INFO edu.rit.croatia.iste422.g6.qf.io.parser.EdgeFileParser:149 - Setting InstructorID(FK) attribute.
2026-05-01 17:50:57.098 INFO edu.rit.croatia.iste422.g6.qf.io.parser.EdgeFileParser:64 - Reading finished.
2026-05-01 17:50:57.099 INFO edu.rit.croatia.iste422.g6.qf.model.QueryfierStorage:103 - File parsing successful
2026-05-01 17:50:57.099 INFO edu.rit.croatia.iste422.g6.qf.controller.handler.CreateProjectHandler:57 - Finished loading the file.
2026-05-01 17:50:57.191 INFO edu.rit.croatia.iste422.g6.qf.controller.QueryfierManager:124 - Attribute Editor Screen setup start
2026-05-01 17:50:57.238 INFO edu.rit.croatia.iste422.g6.qf.controller.QueryfierManager:273 - Attribute Editor Screen Handlers setup start
2026-05-01 17:50:57.238 INFO edu.rit.croatia.iste422.g6.qf.controller.QueryfierManager:236 - Menu Item Handlers setup start
2026-05-01 17:50:57.241 INFO edu.rit.croatia.iste422.g6.qf.controller.QueryfierManager:257 - Menu Item Handlers setup finish
2026-05-01 17:50:57.242 INFO edu.rit.croatia.iste422.g6.qf.controller.QueryfierManager:295 - Attribute Editor Screen Handlers setup finish
2026-05-01 17:50:57.242 INFO edu.rit.croatia.iste422.g6.qf.controller.QueryfierManager:168 - Attribute Editor Screen setup finish
2026-05-01 17:51:12.369 INFO edu.rit.croatia.iste422.g6.qf.model.app.QueryfierConfiguration:83 - Configuration saving initiated
2026-05-01 17:51:12.402 INFO edu.rit.croatia.iste422.g6.qf.model.app.QueryfierConfiguration:131 - Configuration saving finalized
2026-05-09 17:26:32.310 INFO edu.rit.croatia.iste422.g6.qf.controller.QueryfierManager:78 - Initialization started
2026-05-09 17:26:32.312 INFO edu.rit.croatia.iste422.g6.qf.model.app.QueryfierConfiguration:211 - Configuration loading initiated
2026-05-09 17:26:32.313 INFO edu.rit.croatia.iste422.g6.qf.model.app.QueryfierConfiguration:253 - Configuration loading finalized
2026-05-09 17:26:32.313 INFO edu.rit.croatia.iste422.g6.qf.controller.QueryfierManager:97 - Welcome Screen setup start
2026-05-09 17:26:32.517 INFO edu.rit.croatia.iste422.g6.qf.controller.QueryfierManager:261 - Welcome Screen Handlers setup start
2026-05-09 17:26:32.518 INFO edu.rit.croatia.iste422.g6.qf.controller.QueryfierManager:269 - Welcome Screen Handlers setup finish
2026-05-09 17:26:32.518 INFO edu.rit.croatia.iste422.g6.qf.controller.QueryfierManager:119 - Welcome Screen setup finish
2026-05-09 17:26:32.518 INFO edu.rit.croatia.iste422.g6.qf.controller.QueryfierManager:92 - Initialization finished
2026-05-09 17:26:53.075 INFO edu.rit.croatia.iste422.g6.qf.model.QueryfierStorage:73 - File loading started
2026-05-09 17:26:53.079 INFO edu.rit.croatia.iste422.g6.qf.model.QueryfierStorage:92 - File parsing initialized
2026-05-09 17:26:53.079 INFO edu.rit.croatia.iste422.g6.qf.io.parser.XMLFileParser:35 - XML File Parser has been selected!
2026-05-09 17:26:53.084 INFO edu.rit.croatia.iste422.g6.qf.model.QueryfierStorage:103 - File parsing successful
2026-05-09 17:26:53.183 INFO edu.rit.croatia.iste422.g6.qf.controller.QueryfierManager:124 - Attribute Editor Screen setup start
2026-05-09 17:26:53.239 INFO edu.rit.croatia.iste422.g6.qf.controller.QueryfierManager:273 - Attribute Editor Screen Handlers setup start
2026-05-09 17:26:53.239 INFO edu.rit.croatia.iste422.g6.qf.controller.QueryfierManager:236 - Menu Item Handlers setup start
2026-05-09 17:26:53.242 INFO edu.rit.croatia.iste422.g6.qf.controller.QueryfierManager:257 - Menu Item Handlers setup finish
2026-05-09 17:26:53.244 INFO edu.rit.croatia.iste422.g6.qf.controller.QueryfierManager:295 - Attribute Editor Screen Handlers setup finish
2026-05-09 17:26:53.244 INFO edu.rit.croatia.iste422.g6.qf.controller.QueryfierManager:168 - Attribute Editor Screen setup finish
2026-05-09 17:27:52.841 INFO edu.rit.croatia.iste422.g6.qf.model.app.QueryfierConfiguration:83 - Configuration saving initiated
2026-05-09 17:27:52.875 INFO edu.rit.croatia.iste422.g6.qf.model.app.QueryfierConfiguration:131 - Configuration saving finalized
2026-05-09 17:28:00.924 INFO edu.rit.croatia.iste422.g6.qf.controller.QueryfierManager:78 - Initialization started
2026-05-09 17:28:00.926 INFO edu.rit.croatia.iste422.g6.qf.model.app.QueryfierConfiguration:211 - Configuration loading initiated
2026-05-09 17:28:00.927 INFO edu.rit.croatia.iste422.g6.qf.model.app.QueryfierConfiguration:253 - Configuration loading finalized
2026-05-09 17:28:00.927 INFO edu.rit.croatia.iste422.g6.qf.controller.QueryfierManager:97 - Welcome Screen setup start
2026-05-09 17:28:01.111 INFO edu.rit.croatia.iste422.g6.qf.controller.QueryfierManager:261 - Welcome Screen Handlers setup start
2026-05-09 17:28:01.113 INFO edu.rit.croatia.iste422.g6.qf.controller.QueryfierManager:269 - Welcome Screen Handlers setup finish
2026-05-09 17:28:01.113 INFO edu.rit.croatia.iste422.g6.qf.controller.QueryfierManager:119 - Welcome Screen setup finish
2026-05-09 17:28:01.113 INFO edu.rit.croatia.iste422.g6.qf.controller.QueryfierManager:92 - Initialization finished
2026-05-09 17:28:02.706 INFO edu.rit.croatia.iste422.g6.qf.model.QueryfierStorage:73 - File loading started
2026-05-09 17:28:02.708 INFO edu.rit.croatia.iste422.g6.qf.model.QueryfierStorage:92 - File parsing initialized
2026-05-09 17:28:02.708 INFO edu.rit.croatia.iste422.g6.qf.io.parser.XMLFileParser:35 - XML File Parser has been selected!
2026-05-09 17:28:02.710 INFO edu.rit.croatia.iste422.g6.qf.model.QueryfierStorage:103 - File parsing successful
2026-05-09 17:28:02.786 INFO edu.rit.croatia.iste422.g6.qf.controller.QueryfierManager:124 - Attribute Editor Screen setup start
2026-05-09 17:28:02.838 INFO edu.rit.croatia.iste422.g6.qf.controller.QueryfierManager:273 - Attribute Editor Screen Handlers setup start
2026-05-09 17:28:02.839 INFO edu.rit.croatia.iste422.g6.qf.controller.QueryfierManager:236 - Menu Item Handlers setup start
2026-05-09 17:28:02.840 INFO edu.rit.croatia.iste422.g6.qf.controller.QueryfierManager:257 - Menu Item Handlers setup finish
2026-05-09 17:28:02.841 INFO edu.rit.croatia.iste422.g6.qf.controller.QueryfierManager:295 - Attribute Editor Screen Handlers setup finish
2026-05-09 17:28:02.842 INFO edu.rit.croatia.iste422.g6.qf.controller.QueryfierManager:168 - Attribute Editor Screen setup finish
2026-05-09 17:28:05.207 INFO edu.rit.croatia.iste422.g6.qf.controller.QueryfierManager:200 - Entity Relations Editor Screen setup start
2026-05-09 17:28:05.264 INFO edu.rit.croatia.iste422.g6.qf.controller.QueryfierManager:299 - Entity Relations Editor Screen Handlers setup start
2026-05-09 17:28:05.264 INFO edu.rit.croatia.iste422.g6.qf.controller.QueryfierManager:236 - Menu Item Handlers setup start
2026-05-09 17:28:05.264 INFO edu.rit.croatia.iste422.g6.qf.controller.QueryfierManager:257 - Menu Item Handlers setup finish
2026-05-09 17:28:05.266 INFO edu.rit.croatia.iste422.g6.qf.controller.QueryfierManager:308 - Entity Relations Editor Screen Handlers setup finish
2026-05-09 17:28:05.266 INFO edu.rit.croatia.iste422.g6.qf.controller.QueryfierManager:222 - Entity Relations Editor Screen setup finish
2026-05-09 17:28:31.741 INFO edu.rit.croatia.iste422.g6.qf.controller.QueryfierManager:200 - Entity Relations Editor Screen setup start
2026-05-09 17:28:31.785 INFO edu.rit.croatia.iste422.g6.qf.controller.QueryfierManager:299 - Entity Relations Editor Screen Handlers setup start
2026-05-09 17:28:31.785 INFO edu.rit.croatia.iste422.g6.qf.controller.QueryfierManager:236 - Menu Item Handlers setup start
2026-05-09 17:28:31.785 INFO edu.rit.croatia.iste422.g6.qf.controller.QueryfierManager:257 - Menu Item Handlers setup finish
2026-05-09 17:28:31.785 INFO edu.rit.croatia.iste422.g6.qf.controller.QueryfierManager:308 - Entity Relations Editor Screen Handlers setup finish
2026-05-09 17:28:31.785 INFO edu.rit.croatia.iste422.g6.qf.controller.QueryfierManager:222 - Entity Relations Editor Screen setup finish
2026-05-09 17:28:33.190 INFO edu.rit.croatia.iste422.g6.qf.controller.QueryfierManager:124 - Attribute Editor Screen setup start
2026-05-09 17:28:33.240 INFO edu.rit.croatia.iste422.g6.qf.controller.QueryfierManager:273 - Attribute Editor Screen Handlers setup start
2026-05-09 17:28:33.240 INFO edu.rit.croatia.iste422.g6.qf.controller.QueryfierManager:236 - Menu Item Handlers setup start
2026-05-09 17:28:33.240 INFO edu.rit.croatia.iste422.g6.qf.controller.QueryfierManager:257 - Menu Item Handlers setup finish
2026-05-09 17:28:33.240 INFO edu.rit.croatia.iste422.g6.qf.controller.QueryfierManager:295 - Attribute Editor Screen Handlers setup finish
2026-05-09 17:28:33.240 INFO edu.rit.croatia.iste422.g6.qf.controller.QueryfierManager:168 - Attribute Editor Screen setup finish
2026-05-09 17:31:41.020 INFO edu.rit.croatia.iste422.g6.qf.controller.QueryfierManager:78 - Initialization started
2026-05-09 17:31:41.021 INFO edu.rit.croatia.iste422.g6.qf.model.app.QueryfierConfiguration:211 - Configuration loading initiated
2026-05-09 17:31:41.022 INFO edu.rit.croatia.iste422.g6.qf.model.app.QueryfierConfiguration:253 - Configuration loading finalized
2026-05-09 17:31:41.023 INFO edu.rit.croatia.iste422.g6.qf.controller.QueryfierManager:97 - Welcome Screen setup start
2026-05-09 17:31:41.221 INFO edu.rit.croatia.iste422.g6.qf.controller.QueryfierManager:261 - Welcome Screen Handlers setup start
2026-05-09 17:31:41.222 INFO edu.rit.croatia.iste422.g6.qf.controller.QueryfierManager:269 - Welcome Screen Handlers setup finish
2026-05-09 17:31:41.222 INFO edu.rit.croatia.iste422.g6.qf.controller.QueryfierManager:119 - Welcome Screen setup finish
2026-05-09 17:31:41.222 INFO edu.rit.croatia.iste422.g6.qf.controller.QueryfierManager:92 - Initialization finished
2026-05-09 17:33:06.742 INFO edu.rit.croatia.iste422.g6.qf.model.QueryfierStorage:73 - File loading started
2026-05-09 17:33:06.743 INFO edu.rit.croatia.iste422.g6.qf.model.QueryfierStorage:92 - File parsing initialized
2026-05-09 17:33:06.744 INFO edu.rit.croatia.iste422.g6.qf.io.parser.XMLFileParser:35 - XML File Parser has been selected!
2026-05-09 17:33:06.746 INFO edu.rit.croatia.iste422.g6.qf.model.QueryfierStorage:103 - File parsing successful
2026-05-09 17:33:06.824 INFO edu.rit.croatia.iste422.g6.qf.controller.QueryfierManager:124 - Attribute Editor Screen setup start
2026-05-09 17:33:06.878 INFO edu.rit.croatia.iste422.g6.qf.controller.QueryfierManager:273 - Attribute Editor Screen Handlers setup start
2026-05-09 17:33:06.878 INFO edu.rit.croatia.iste422.g6.qf.controller.QueryfierManager:236 - Menu Item Handlers setup start
2026-05-09 17:33:06.881 INFO edu.rit.croatia.iste422.g6.qf.controller.QueryfierManager:257 - Menu Item Handlers setup finish
2026-05-09 17:33:06.883 INFO edu.rit.croatia.iste422.g6.qf.controller.QueryfierManager:295 - Attribute Editor Screen Handlers setup finish
2026-05-09 17:33:06.883 INFO edu.rit.croatia.iste422.g6.qf.controller.QueryfierManager:168 - Attribute Editor Screen setup finish
2026-05-09 17:33:43.214 INFO edu.rit.croatia.iste422.g6.qf.controller.QueryfierManager:78 - Initialization started
2026-05-09 17:33:43.215 INFO edu.rit.croatia.iste422.g6.qf.model.app.QueryfierConfiguration:211 - Configuration loading initiated
2026-05-09 17:33:43.216 INFO edu.rit.croatia.iste422.g6.qf.model.app.QueryfierConfiguration:253 - Configuration loading finalized
2026-05-09 17:33:43.216 INFO edu.rit.croatia.iste422.g6.qf.controller.QueryfierManager:97 - Welcome Screen setup start
2026-05-09 17:33:43.419 INFO edu.rit.croatia.iste422.g6.qf.controller.QueryfierManager:261 - Welcome Screen Handlers setup start
2026-05-09 17:33:43.420 INFO edu.rit.croatia.iste422.g6.qf.controller.QueryfierManager:269 - Welcome Screen Handlers setup finish
2026-05-09 17:33:43.420 INFO edu.rit.croatia.iste422.g6.qf.controller.QueryfierManager:119 - Welcome Screen setup finish
2026-05-09 17:33:43.420 INFO edu.rit.croatia.iste422.g6.qf.controller.QueryfierManager:92 - Initialization finished
2026-05-09 17:33:46.342 INFO edu.rit.croatia.iste422.g6.qf.model.QueryfierStorage:73 - File loading started
2026-05-09 17:33:46.345 INFO edu.rit.croatia.iste422.g6.qf.model.QueryfierStorage:92 - File parsing initialized
2026-05-09 17:33:46.345 INFO edu.rit.croatia.iste422.g6.qf.io.parser.XMLFileParser:35 - XML File Parser has been selected!
2026-05-09 17:33:46.347 INFO edu.rit.croatia.iste422.g6.qf.model.QueryfierStorage:103 - File parsing successful
2026-05-09 17:33:46.426 INFO edu.rit.croatia.iste422.g6.qf.controller.QueryfierManager:124 - Attribute Editor Screen setup start
2026-05-09 17:33:46.477 INFO edu.rit.croatia.iste422.g6.qf.controller.QueryfierManager:273 - Attribute Editor Screen Handlers setup start
2026-05-09 17:33:46.477 INFO edu.rit.croatia.iste422.g6.qf.controller.QueryfierManager:236 - Menu Item Handlers setup start
2026-05-09 17:33:46.479 INFO edu.rit.croatia.iste422.g6.qf.controller.QueryfierManager:257 - Menu Item Handlers setup finish
2026-05-09 17:33:46.480 INFO edu.rit.croatia.iste422.g6.qf.controller.QueryfierManager:295 - Attribute Editor Screen Handlers setup finish
2026-05-09 17:33:46.480 INFO edu.rit.croatia.iste422.g6.qf.controller.QueryfierManager:168 - Attribute Editor Screen setup finish
2026-05-09 17:36:13.074 INFO edu.rit.croatia.iste422.g6.qf.controller.QueryfierManager:78 - Initialization started
2026-05-09 17:36:13.075 INFO edu.rit.croatia.iste422.g6.qf.model.app.QueryfierConfiguration:211 - Configuration loading initiated
2026-05-09 17:36:13.076 INFO edu.rit.croatia.iste422.g6.qf.model.app.QueryfierConfiguration:253 - Configuration loading finalized
2026-05-09 17:36:13.076 INFO edu.rit.croatia.iste422.g6.qf.controller.QueryfierManager:97 - Welcome Screen setup start
2026-05-09 17:36:13.276 INFO edu.rit.croatia.iste422.g6.qf.controller.QueryfierManager:261 - Welcome Screen Handlers setup start
2026-05-09 17:36:13.277 INFO edu.rit.croatia.iste422.g6.qf.controller.QueryfierManager:269 - Welcome Screen Handlers setup finish
2026-05-09 17:36:13.277 INFO edu.rit.croatia.iste422.g6.qf.controller.QueryfierManager:119 - Welcome Screen setup finish
2026-05-09 17:36:13.277 INFO edu.rit.croatia.iste422.g6.qf.controller.QueryfierManager:92 - Initialization finished
2026-05-09 17:36:20.272 INFO edu.rit.croatia.iste422.g6.qf.model.QueryfierStorage:73 - File loading started
2026-05-09 17:36:20.275 INFO edu.rit.croatia.iste422.g6.qf.model.QueryfierStorage:92 - File parsing initialized
2026-05-09 17:36:20.276 INFO edu.rit.croatia.iste422.g6.qf.io.parser.XMLFileParser:35 - XML File Parser has been selected!
2026-05-09 17:36:20.278 INFO edu.rit.croatia.iste422.g6.qf.model.QueryfierStorage:103 - File parsing successful
2026-05-09 17:36:20.357 INFO edu.rit.croatia.iste422.g6.qf.controller.QueryfierManager:124 - Attribute Editor Screen setup start
2026-05-09 17:36:20.408 INFO edu.rit.croatia.iste422.g6.qf.controller.QueryfierManager:273 - Attribute Editor Screen Handlers setup start
2026-05-09 17:36:20.408 INFO edu.rit.croatia.iste422.g6.qf.controller.QueryfierManager:236 - Menu Item Handlers setup start
2026-05-09 17:36:20.409 INFO edu.rit.croatia.iste422.g6.qf.controller.QueryfierManager:257 - Menu Item Handlers setup finish
2026-05-09 17:36:20.411 INFO edu.rit.croatia.iste422.g6.qf.controller.QueryfierManager:295 - Attribute Editor Screen Handlers setup finish
2026-05-09 17:36:20.411 INFO edu.rit.croatia.iste422.g6.qf.controller.QueryfierManager:168 - Attribute Editor Screen setup finish
2026-05-09 17:47:33.631 INFO edu.rit.croatia.iste422.g6.qf.controller.QueryfierManager:78 - Initialization started
2026-05-09 17:47:33.632 INFO edu.rit.croatia.iste422.g6.qf.model.app.QueryfierConfiguration:211 - Configuration loading initiated
2026-05-09 17:47:33.633 INFO edu.rit.croatia.iste422.g6.qf.model.app.QueryfierConfiguration:253 - Configuration loading finalized
2026-05-09 17:47:33.633 INFO edu.rit.croatia.iste422.g6.qf.controller.QueryfierManager:97 - Welcome Screen setup start
2026-05-09 17:47:33.818 INFO edu.rit.croatia.iste422.g6.qf.controller.QueryfierManager:261 - Welcome Screen Handlers setup start
2026-05-09 17:47:33.819 INFO edu.rit.croatia.iste422.g6.qf.controller.QueryfierManager:269 - Welcome Screen Handlers setup finish
2026-05-09 17:47:33.819 INFO edu.rit.croatia.iste422.g6.qf.controller.QueryfierManager:119 - Welcome Screen setup finish
2026-05-09 17:47:33.819 INFO edu.rit.croatia.iste422.g6.qf.controller.QueryfierManager:92 - Initialization finished
2026-05-09 17:47:35.127 INFO edu.rit.croatia.iste422.g6.qf.model.QueryfierStorage:73 - File loading started
2026-05-09 17:47:35.128 INFO edu.rit.croatia.iste422.g6.qf.model.QueryfierStorage:92 - File parsing initialized
2026-05-09 17:47:35.128 INFO edu.rit.croatia.iste422.g6.qf.io.parser.XMLFileParser:35 - XML File Parser has been selected!
2026-05-09 17:47:35.130 INFO edu.rit.croatia.iste422.g6.qf.model.QueryfierStorage:103 - File parsing successful
2026-05-09 17:47:35.207 INFO edu.rit.croatia.iste422.g6.qf.controller.QueryfierManager:124 - Attribute Editor Screen setup start
2026-05-09 17:47:35.263 INFO edu.rit.croatia.iste422.g6.qf.controller.QueryfierManager:273 - Attribute Editor Screen Handlers setup start
2026-05-09 17:47:35.263 INFO edu.rit.croatia.iste422.g6.qf.controller.QueryfierManager:236 - Menu Item Handlers setup start
2026-05-09 17:47:35.264 INFO edu.rit.croatia.iste422.g6.qf.controller.QueryfierManager:257 - Menu Item Handlers setup finish
2026-05-09 17:47:35.266 INFO edu.rit.croatia.iste422.g6.qf.controller.QueryfierManager:295 - Attribute Editor Screen Handlers setup finish
2026-05-09 17:47:35.266 INFO edu.rit.croatia.iste422.g6.qf.controller.QueryfierManager:168 - Attribute Editor Screen setup finish
2026-05-09 17:49:52.347 INFO edu.rit.croatia.iste422.g6.qf.controller.QueryfierManager:78 - Initialization started
2026-05-09 17:49:52.348 INFO edu.rit.croatia.iste422.g6.qf.model.app.QueryfierConfiguration:211 - Configuration loading initiated
2026-05-09 17:49:52.349 INFO edu.rit.croatia.iste422.g6.qf.model.app.QueryfierConfiguration:253 - Configuration loading finalized
2026-05-09 17:49:52.349 INFO edu.rit.croatia.iste422.g6.qf.controller.QueryfierManager:97 - Welcome Screen setup start
2026-05-09 17:49:52.531 INFO edu.rit.croatia.iste422.g6.qf.controller.QueryfierManager:261 - Welcome Screen Handlers setup start
2026-05-09 17:49:52.532 INFO edu.rit.croatia.iste422.g6.qf.controller.QueryfierManager:269 - Welcome Screen Handlers setup finish
2026-05-09 17:49:52.532 INFO edu.rit.croatia.iste422.g6.qf.controller.QueryfierManager:119 - Welcome Screen setup finish
2026-05-09 17:49:52.532 INFO edu.rit.croatia.iste422.g6.qf.controller.QueryfierManager:92 - Initialization finished
2026-05-09 17:49:53.654 INFO edu.rit.croatia.iste422.g6.qf.model.QueryfierStorage:73 - File loading started
2026-05-09 17:49:53.656 INFO edu.rit.croatia.iste422.g6.qf.model.QueryfierStorage:92 - File parsing initialized
2026-05-09 17:49:53.656 INFO edu.rit.croatia.iste422.g6.qf.io.parser.XMLFileParser:35 - XML File Parser has been selected!
2026-05-09 17:49:53.658 INFO edu.rit.croatia.iste422.g6.qf.model.QueryfierStorage:103 - File parsing successful
2026-05-09 17:49:53.740 INFO edu.rit.croatia.iste422.g6.qf.controller.QueryfierManager:124 - Attribute Editor Screen setup start
2026-05-09 17:49:53.794 INFO edu.rit.croatia.iste422.g6.qf.controller.QueryfierManager:273 - Attribute Editor Screen Handlers setup start
2026-05-09 17:49:53.794 INFO edu.rit.croatia.iste422.g6.qf.controller.QueryfierManager:236 - Menu Item Handlers setup start
2026-05-09 17:49:53.795 INFO edu.rit.croatia.iste422.g6.qf.controller.QueryfierManager:257 - Menu Item Handlers setup finish
2026-05-09 17:49:53.797 INFO edu.rit.croatia.iste422.g6.qf.controller.QueryfierManager:295 - Attribute Editor Screen Handlers setup finish
2026-05-09 17:49:53.797 INFO edu.rit.croatia.iste422.g6.qf.controller.QueryfierManager:168 - Attribute Editor Screen setup finish
2026-05-09 17:52:05.290 INFO edu.rit.croatia.iste422.g6.qf.controller.QueryfierManager:78 - Initialization started
2026-05-09 17:52:05.291 INFO edu.rit.croatia.iste422.g6.qf.model.app.QueryfierConfiguration:211 - Configuration loading initiated
2026-05-09 17:52:05.292 INFO edu.rit.croatia.iste422.g6.qf.model.app.QueryfierConfiguration:253 - Configuration loading finalized
2026-05-09 17:52:05.292 INFO edu.rit.croatia.iste422.g6.qf.controller.QueryfierManager:97 - Welcome Screen setup start
2026-05-09 17:52:05.506 INFO edu.rit.croatia.iste422.g6.qf.controller.QueryfierManager:261 - Welcome Screen Handlers setup start
2026-05-09 17:52:05.508 INFO edu.rit.croatia.iste422.g6.qf.controller.QueryfierManager:269 - Welcome Screen Handlers setup finish
2026-05-09 17:52:05.508 INFO edu.rit.croatia.iste422.g6.qf.controller.QueryfierManager:119 - Welcome Screen setup finish
2026-05-09 17:52:05.508 INFO edu.rit.croatia.iste422.g6.qf.controller.QueryfierManager:92 - Initialization finished
2026-05-09 17:52:13.952 INFO edu.rit.croatia.iste422.g6.qf.model.QueryfierStorage:73 - File loading started
2026-05-09 17:52:13.956 INFO edu.rit.croatia.iste422.g6.qf.model.QueryfierStorage:92 - File parsing initialized
2026-05-09 17:52:13.956 INFO edu.rit.croatia.iste422.g6.qf.io.parser.XMLFileParser:35 - XML File Parser has been selected!
2026-05-09 17:52:13.961 INFO edu.rit.croatia.iste422.g6.qf.model.QueryfierStorage:103 - File parsing successful
2026-05-09 17:52:14.051 INFO edu.rit.croatia.iste422.g6.qf.controller.QueryfierManager:124 - Attribute Editor Screen setup start
2026-05-09 17:52:14.104 INFO edu.rit.croatia.iste422.g6.qf.controller.QueryfierManager:273 - Attribute Editor Screen Handlers setup start
2026-05-09 17:52:14.104 INFO edu.rit.croatia.iste422.g6.qf.controller.QueryfierManager:236 - Menu Item Handlers setup start
2026-05-09 17:52:14.106 INFO edu.rit.croatia.iste422.g6.qf.controller.QueryfierManager:257 - Menu Item Handlers setup finish
2026-05-09 17:52:14.107 INFO edu.rit.croatia.iste422.g6.qf.controller.QueryfierManager:295 - Attribute Editor Screen Handlers setup finish
2026-05-09 17:52:14.107 INFO edu.rit.croatia.iste422.g6.qf.controller.QueryfierManager:168 - Attribute Editor Screen setup finish
2026-05-09 17:58:17.086 INFO edu.rit.croatia.iste422.g6.qf.controller.QueryfierManager:78 - Initialization started
2026-05-09 17:58:17.088 INFO edu.rit.croatia.iste422.g6.qf.model.app.QueryfierConfiguration:211 - Configuration loading initiated
2026-05-09 17:58:17.089 INFO edu.rit.croatia.iste422.g6.qf.model.app.QueryfierConfiguration:253 - Configuration loading finalized
2026-05-09 17:58:17.089 INFO edu.rit.croatia.iste422.g6.qf.controller.QueryfierManager:97 - Welcome Screen setup start
2026-05-09 17:58:17.293 INFO edu.rit.croatia.iste422.g6.qf.controller.QueryfierManager:261 - Welcome Screen Handlers setup start
2026-05-09 17:58:17.294 INFO edu.rit.croatia.iste422.g6.qf.controller.QueryfierManager:269 - Welcome Screen Handlers setup finish
2026-05-09 17:58:17.294 INFO edu.rit.croatia.iste422.g6.qf.controller.QueryfierManager:119 - Welcome Screen setup finish
2026-05-09 17:58:17.294 INFO edu.rit.croatia.iste422.g6.qf.controller.QueryfierManager:92 - Initialization finished
2026-05-09 17:58:23.664 INFO edu.rit.croatia.iste422.g6.qf.model.QueryfierStorage:73 - File loading started
2026-05-09 17:58:23.666 INFO edu.rit.croatia.iste422.g6.qf.model.QueryfierStorage:92 - File parsing initialized
2026-05-09 17:58:23.667 INFO edu.rit.croatia.iste422.g6.qf.io.parser.XMLFileParser:35 - XML File Parser has been selected!
2026-05-09 17:58:23.668 INFO edu.rit.croatia.iste422.g6.qf.model.QueryfierStorage:103 - File parsing successful
2026-05-09 17:58:23.745 INFO edu.rit.croatia.iste422.g6.qf.controller.QueryfierManager:124 - Attribute Editor Screen setup start
2026-05-09 17:58:23.799 INFO edu.rit.croatia.iste422.g6.qf.controller.QueryfierManager:273 - Attribute Editor Screen Handlers setup start
2026-05-09 17:58:23.799 INFO edu.rit.croatia.iste422.g6.qf.controller.QueryfierManager:236 - Menu Item Handlers setup start
2026-05-09 17:58:23.800 INFO edu.rit.croatia.iste422.g6.qf.controller.QueryfierManager:257 - Menu Item Handlers setup finish
2026-05-09 17:58:23.803 INFO edu.rit.croatia.iste422.g6.qf.controller.QueryfierManager:295 - Attribute Editor Screen Handlers setup finish
2026-05-09 17:58:23.803 INFO edu.rit.croatia.iste422.g6.qf.controller.QueryfierManager:168 - Attribute Editor Screen setup finish
2026-05-09 18:05:02.443 INFO edu.rit.croatia.iste422.g6.qf.controller.QueryfierManager:78 - Initialization started
2026-05-09 18:05:02.444 INFO edu.rit.croatia.iste422.g6.qf.model.app.QueryfierConfiguration:211 - Configuration loading initiated
2026-05-09 18:05:02.445 INFO edu.rit.croatia.iste422.g6.qf.model.app.QueryfierConfiguration:253 - Configuration loading finalized
2026-05-09 18:05:02.445 INFO edu.rit.croatia.iste422.g6.qf.controller.QueryfierManager:97 - Welcome Screen setup start
2026-05-09 18:05:02.655 INFO edu.rit.croatia.iste422.g6.qf.controller.QueryfierManager:262 - Welcome Screen Handlers setup start
2026-05-09 18:05:02.657 INFO edu.rit.croatia.iste422.g6.qf.controller.QueryfierManager:270 - Welcome Screen Handlers setup finish
2026-05-09 18:05:02.657 INFO edu.rit.croatia.iste422.g6.qf.controller.QueryfierManager:119 - Welcome Screen setup finish
2026-05-09 18:05:02.657 INFO edu.rit.croatia.iste422.g6.qf.controller.QueryfierManager:92 - Initialization finished
2026-05-09 18:05:08.287 INFO edu.rit.croatia.iste422.g6.qf.model.QueryfierStorage:73 - File loading started
2026-05-09 18:05:08.289 INFO edu.rit.croatia.iste422.g6.qf.model.QueryfierStorage:92 - File parsing initialized
2026-05-09 18:05:08.289 INFO edu.rit.croatia.iste422.g6.qf.io.parser.XMLFileParser:35 - XML File Parser has been selected!
2026-05-09 18:05:08.291 INFO edu.rit.croatia.iste422.g6.qf.model.QueryfierStorage:103 - File parsing successful
2026-05-09 18:05:08.367 INFO edu.rit.croatia.iste422.g6.qf.controller.QueryfierManager:124 - Attribute Editor Screen setup start
2026-05-09 18:05:08.421 INFO edu.rit.croatia.iste422.g6.qf.controller.QueryfierManager:274 - Attribute Editor Screen Handlers setup start
2026-05-09 18:05:08.422 INFO edu.rit.croatia.iste422.g6.qf.controller.QueryfierManager:237 - Menu Item Handlers setup start
2026-05-09 18:05:08.423 INFO edu.rit.croatia.iste422.g6.qf.controller.QueryfierManager:258 - Menu Item Handlers setup finish
2026-05-09 18:05:08.424 INFO edu.rit.croatia.iste422.g6.qf.controller.QueryfierManager:296 - Attribute Editor Screen Handlers setup finish
2026-05-09 18:05:08.425 INFO edu.rit.croatia.iste422.g6.qf.controller.QueryfierManager:169 - Attribute Editor Screen setup finish
2026-05-09 18:05:39.523 INFO edu.rit.croatia.iste422.g6.qf.controller.QueryfierManager:78 - Initialization started
2026-05-09 18:05:39.524 INFO edu.rit.croatia.iste422.g6.qf.model.app.QueryfierConfiguration:211 - Configuration loading initiated
2026-05-09 18:05:39.525 INFO edu.rit.croatia.iste422.g6.qf.model.app.QueryfierConfiguration:253 - Configuration loading finalized
2026-05-09 18:05:39.525 INFO edu.rit.croatia.iste422.g6.qf.controller.QueryfierManager:97 - Welcome Screen setup start
2026-05-09 18:05:39.715 INFO edu.rit.croatia.iste422.g6.qf.controller.QueryfierManager:263 - Welcome Screen Handlers setup start
2026-05-09 18:05:39.716 INFO edu.rit.croatia.iste422.g6.qf.controller.QueryfierManager:271 - Welcome Screen Handlers setup finish
2026-05-09 18:05:39.716 INFO edu.rit.croatia.iste422.g6.qf.controller.QueryfierManager:119 - Welcome Screen setup finish
2026-05-09 18:05:39.716 INFO edu.rit.croatia.iste422.g6.qf.controller.QueryfierManager:92 - Initialization finished
2026-05-09 18:05:40.821 INFO edu.rit.croatia.iste422.g6.qf.model.QueryfierStorage:73 - File loading started
2026-05-09 18:05:40.822 INFO edu.rit.croatia.iste422.g6.qf.model.QueryfierStorage:92 - File parsing initialized
2026-05-09 18:05:40.823 INFO edu.rit.croatia.iste422.g6.qf.io.parser.XMLFileParser:35 - XML File Parser has been selected!
2026-05-09 18:05:40.824 INFO edu.rit.croatia.iste422.g6.qf.model.QueryfierStorage:103 - File parsing successful
2026-05-09 18:05:40.905 INFO edu.rit.croatia.iste422.g6.qf.controller.QueryfierManager:124 - Attribute Editor Screen setup start
2026-05-09 18:05:40.959 INFO edu.rit.croatia.iste422.g6.qf.controller.QueryfierManager:275 - Attribute Editor Screen Handlers setup start
2026-05-09 18:05:40.959 INFO edu.rit.croatia.iste422.g6.qf.controller.QueryfierManager:238 - Menu Item Handlers setup start
2026-05-09 18:05:40.960 INFO edu.rit.croatia.iste422.g6.qf.controller.QueryfierManager:259 - Menu Item Handlers setup finish
2026-05-09 18:05:40.962 INFO edu.rit.croatia.iste422.g6.qf.controller.QueryfierManager:297 - Attribute Editor Screen Handlers setup finish
2026-05-09 18:05:40.962 INFO edu.rit.croatia.iste422.g6.qf.controller.QueryfierManager:170 - Attribute Editor Screen setup finish
2026-05-09 18:11:52.507 INFO edu.rit.croatia.iste422.g6.qf.controller.QueryfierManager:78 - Initialization started
2026-05-09 18:11:52.508 INFO edu.rit.croatia.iste422.g6.qf.model.app.QueryfierConfiguration:211 - Configuration loading initiated
2026-05-09 18:11:52.509 INFO edu.rit.croatia.iste422.g6.qf.model.app.QueryfierConfiguration:253 - Configuration loading finalized
2026-05-09 18:11:52.509 INFO edu.rit.croatia.iste422.g6.qf.controller.QueryfierManager:97 - Welcome Screen setup start
2026-05-09 18:11:52.710 INFO edu.rit.croatia.iste422.g6.qf.controller.QueryfierManager:267 - Welcome Screen Handlers setup start
2026-05-09 18:11:52.711 INFO edu.rit.croatia.iste422.g6.qf.controller.QueryfierManager:275 - Welcome Screen Handlers setup finish
2026-05-09 18:11:52.711 INFO edu.rit.croatia.iste422.g6.qf.controller.QueryfierManager:119 - Welcome Screen setup finish
2026-05-09 18:11:52.711 INFO edu.rit.croatia.iste422.g6.qf.controller.QueryfierManager:92 - Initialization finished
2026-05-09 18:11:58.521 INFO edu.rit.croatia.iste422.g6.qf.model.QueryfierStorage:73 - File loading started
2026-05-09 18:11:58.523 INFO edu.rit.croatia.iste422.g6.qf.model.QueryfierStorage:92 - File parsing initialized
2026-05-09 18:11:58.523 INFO edu.rit.croatia.iste422.g6.qf.io.parser.XMLFileParser:35 - XML File Parser has been selected!
2026-05-09 18:11:58.525 INFO edu.rit.croatia.iste422.g6.qf.model.QueryfierStorage:103 - File parsing successful
2026-05-09 18:11:58.599 INFO edu.rit.croatia.iste422.g6.qf.controller.QueryfierManager:124 - Attribute Editor Screen setup start
2026-05-09 18:11:58.650 INFO edu.rit.croatia.iste422.g6.qf.controller.QueryfierManager:279 - Attribute Editor Screen Handlers setup start
2026-05-09 18:11:58.650 INFO edu.rit.croatia.iste422.g6.qf.controller.QueryfierManager:242 - Menu Item Handlers setup start
2026-05-09 18:11:58.652 INFO edu.rit.croatia.iste422.g6.qf.controller.QueryfierManager:263 - Menu Item Handlers setup finish
2026-05-09 18:11:58.653 INFO edu.rit.croatia.iste422.g6.qf.controller.QueryfierManager:301 - Attribute Editor Screen Handlers setup finish
2026-05-09 18:11:58.654 INFO edu.rit.croatia.iste422.g6.qf.controller.QueryfierManager:174 - Attribute Editor Screen setup finish
2026-05-09 18:17:00.574 INFO edu.rit.croatia.iste422.g6.qf.controller.QueryfierManager:78 - Initialization started
2026-05-09 18:17:00.575 INFO edu.rit.croatia.iste422.g6.qf.model.app.QueryfierConfiguration:211 - Configuration loading initiated
2026-05-09 18:17:00.577 INFO edu.rit.croatia.iste422.g6.qf.model.app.QueryfierConfiguration:253 - Configuration loading finalized
2026-05-09 18:17:00.577 INFO edu.rit.croatia.iste422.g6.qf.controller.QueryfierManager:97 - Welcome Screen setup start
2026-05-09 18:17:00.780 INFO edu.rit.croatia.iste422.g6.qf.controller.QueryfierManager:270 - Welcome Screen Handlers setup start
2026-05-09 18:17:00.781 INFO edu.rit.croatia.iste422.g6.qf.controller.QueryfierManager:278 - Welcome Screen Handlers setup finish
2026-05-09 18:17:00.781 INFO edu.rit.croatia.iste422.g6.qf.controller.QueryfierManager:119 - Welcome Screen setup finish
2026-05-09 18:17:00.782 INFO edu.rit.croatia.iste422.g6.qf.controller.QueryfierManager:92 - Initialization finished
2026-05-09 18:17:06.489 INFO edu.rit.croatia.iste422.g6.qf.model.QueryfierStorage:73 - File loading started
2026-05-09 18:17:06.492 INFO edu.rit.croatia.iste422.g6.qf.model.QueryfierStorage:92 - File parsing initialized
2026-05-09 18:17:06.492 INFO edu.rit.croatia.iste422.g6.qf.io.parser.XMLFileParser:35 - XML File Parser has been selected!
2026-05-09 18:17:06.494 INFO edu.rit.croatia.iste422.g6.qf.model.QueryfierStorage:103 - File parsing successful
2026-05-09 18:17:06.582 INFO edu.rit.croatia.iste422.g6.qf.controller.QueryfierManager:124 - Attribute Editor Screen setup start
2026-05-09 18:17:06.637 INFO edu.rit.croatia.iste422.g6.qf.controller.QueryfierManager:282 - Attribute Editor Screen Handlers setup start
2026-05-09 18:17:06.637 INFO edu.rit.croatia.iste422.g6.qf.controller.QueryfierManager:245 - Menu Item Handlers setup start
2026-05-09 18:17:06.638 INFO edu.rit.croatia.iste422.g6.qf.controller.QueryfierManager:266 - Menu Item Handlers setup finish
2026-05-09 18:17:06.640 INFO edu.rit.croatia.iste422.g6.qf.controller.QueryfierManager:304 - Attribute Editor Screen Handlers setup finish
2026-05-09 18:17:06.640 INFO edu.rit.croatia.iste422.g6.qf.controller.QueryfierManager:177 - Attribute Editor Screen setup finish
2026-05-09 18:17:35.770 INFO edu.rit.croatia.iste422.g6.qf.controller.QueryfierManager:78 - Initialization started
2026-05-09 18:17:35.771 INFO edu.rit.croatia.iste422.g6.qf.model.app.QueryfierConfiguration:211 - Configuration loading initiated
2026-05-09 18:17:35.773 INFO edu.rit.croatia.iste422.g6.qf.model.app.QueryfierConfiguration:253 - Configuration loading finalized
2026-05-09 18:17:35.773 INFO edu.rit.croatia.iste422.g6.qf.controller.QueryfierManager:97 - Welcome Screen setup start
2026-05-09 18:17:35.980 INFO edu.rit.croatia.iste422.g6.qf.controller.QueryfierManager:271 - Welcome Screen Handlers setup start
2026-05-09 18:17:35.981 INFO edu.rit.croatia.iste422.g6.qf.controller.QueryfierManager:279 - Welcome Screen Handlers setup finish
2026-05-09 18:17:35.981 INFO edu.rit.croatia.iste422.g6.qf.controller.QueryfierManager:119 - Welcome Screen setup finish
2026-05-09 18:17:35.981 INFO edu.rit.croatia.iste422.g6.qf.controller.QueryfierManager:92 - Initialization finished
2026-05-09 18:17:43.306 INFO edu.rit.croatia.iste422.g6.qf.model.QueryfierStorage:73 - File loading started
2026-05-09 18:17:43.310 INFO edu.rit.croatia.iste422.g6.qf.model.QueryfierStorage:92 - File parsing initialized
2026-05-09 18:17:43.310 INFO edu.rit.croatia.iste422.g6.qf.io.parser.XMLFileParser:35 - XML File Parser has been selected!
2026-05-09 18:17:43.313 INFO edu.rit.croatia.iste422.g6.qf.model.QueryfierStorage:103 - File parsing successful
2026-05-09 18:17:43.399 INFO edu.rit.croatia.iste422.g6.qf.controller.QueryfierManager:124 - Attribute Editor Screen setup start
2026-05-09 18:17:43.455 INFO edu.rit.croatia.iste422.g6.qf.controller.QueryfierManager:283 - Attribute Editor Screen Handlers setup start
2026-05-09 18:17:43.455 INFO edu.rit.croatia.iste422.g6.qf.controller.QueryfierManager:246 - Menu Item Handlers setup start
2026-05-09 18:17:43.457 INFO edu.rit.croatia.iste422.g6.qf.controller.QueryfierManager:267 - Menu Item Handlers setup finish
2026-05-09 18:17:43.458 INFO edu.rit.croatia.iste422.g6.qf.controller.QueryfierManager:305 - Attribute Editor Screen Handlers setup finish
2026-05-09 18:17:43.458 INFO edu.rit.croatia.iste422.g6.qf.controller.QueryfierManager:178 - Attribute Editor Screen setup finish
2026-05-09 18:19:01.878 INFO edu.rit.croatia.iste422.g6.qf.controller.QueryfierManager:78 - Initialization started
2026-05-09 18:19:01.879 INFO edu.rit.croatia.iste422.g6.qf.model.app.QueryfierConfiguration:211 - Configuration loading initiated
2026-05-09 18:19:01.880 INFO edu.rit.croatia.iste422.g6.qf.model.app.QueryfierConfiguration:253 - Configuration loading finalized
2026-05-09 18:19:01.880 INFO edu.rit.croatia.iste422.g6.qf.controller.QueryfierManager:97 - Welcome Screen setup start
2026-05-09 18:19:02.065 INFO edu.rit.croatia.iste422.g6.qf.controller.QueryfierManager:262 - Welcome Screen Handlers setup start
2026-05-09 18:19:02.066 INFO edu.rit.croatia.iste422.g6.qf.controller.QueryfierManager:270 - Welcome Screen Handlers setup finish
2026-05-09 18:19:02.066 INFO edu.rit.croatia.iste422.g6.qf.controller.QueryfierManager:119 - Welcome Screen setup finish
2026-05-09 18:19:02.066 INFO edu.rit.croatia.iste422.g6.qf.controller.QueryfierManager:92 - Initialization finished
2026-05-09 18:19:03.005 INFO edu.rit.croatia.iste422.g6.qf.model.QueryfierStorage:73 - File loading started
2026-05-09 18:19:03.007 INFO edu.rit.croatia.iste422.g6.qf.model.QueryfierStorage:92 - File parsing initialized
2026-05-09 18:19:03.007 INFO edu.rit.croatia.iste422.g6.qf.io.parser.XMLFileParser:35 - XML File Parser has been selected!
2026-05-09 18:19:03.008 INFO edu.rit.croatia.iste422.g6.qf.model.QueryfierStorage:103 - File parsing successful
2026-05-09 18:19:03.087 INFO edu.rit.croatia.iste422.g6.qf.controller.QueryfierManager:124 - Attribute Editor Screen setup start
2026-05-09 18:19:03.143 INFO edu.rit.croatia.iste422.g6.qf.controller.QueryfierManager:274 - Attribute Editor Screen Handlers setup start
2026-05-09 18:19:03.143 INFO edu.rit.croatia.iste422.g6.qf.controller.QueryfierManager:237 - Menu Item Handlers setup start
2026-05-09 18:19:03.144 INFO edu.rit.croatia.iste422.g6.qf.controller.QueryfierManager:258 - Menu Item Handlers setup finish
2026-05-09 18:19:03.145 INFO edu.rit.croatia.iste422.g6.qf.controller.QueryfierManager:296 - Attribute Editor Screen Handlers setup finish
2026-05-09 18:19:03.145 INFO edu.rit.croatia.iste422.g6.qf.controller.QueryfierManager:169 - Attribute Editor Screen setup finish
2026-05-09 18:21:25.603 INFO edu.rit.croatia.iste422.g6.qf.controller.QueryfierManager:78 - Initialization started
2026-05-09 18:21:25.604 INFO edu.rit.croatia.iste422.g6.qf.model.app.QueryfierConfiguration:211 - Configuration loading initiated
2026-05-09 18:21:25.606 INFO edu.rit.croatia.iste422.g6.qf.model.app.QueryfierConfiguration:253 - Configuration loading finalized
2026-05-09 18:21:25.606 INFO edu.rit.croatia.iste422.g6.qf.controller.QueryfierManager:97 - Welcome Screen setup start
2026-05-09 18:21:25.820 INFO edu.rit.croatia.iste422.g6.qf.controller.QueryfierManager:263 - Welcome Screen Handlers setup start
2026-05-09 18:21:25.821 INFO edu.rit.croatia.iste422.g6.qf.controller.QueryfierManager:271 - Welcome Screen Handlers setup finish
2026-05-09 18:21:25.821 INFO edu.rit.croatia.iste422.g6.qf.controller.QueryfierManager:119 - Welcome Screen setup finish
2026-05-09 18:21:25.821 INFO edu.rit.croatia.iste422.g6.qf.controller.QueryfierManager:92 - Initialization finished
2026-05-09 18:21:27.011 INFO edu.rit.croatia.iste422.g6.qf.model.QueryfierStorage:73 - File loading started
2026-05-09 18:21:27.013 INFO edu.rit.croatia.iste422.g6.qf.model.QueryfierStorage:92 - File parsing initialized
2026-05-09 18:21:27.013 INFO edu.rit.croatia.iste422.g6.qf.io.parser.XMLFileParser:35 - XML File Parser has been selected!
2026-05-09 18:21:27.017 INFO edu.rit.croatia.iste422.g6.qf.model.QueryfierStorage:103 - File parsing successful
2026-05-09 18:21:46.965 INFO edu.rit.croatia.iste422.g6.qf.controller.QueryfierManager:78 - Initialization started
2026-05-09 18:21:46.966 INFO edu.rit.croatia.iste422.g6.qf.model.app.QueryfierConfiguration:211 - Configuration loading initiated
2026-05-09 18:21:46.967 INFO edu.rit.croatia.iste422.g6.qf.model.app.QueryfierConfiguration:253 - Configuration loading finalized
2026-05-09 18:21:46.967 INFO edu.rit.croatia.iste422.g6.qf.controller.QueryfierManager:97 - Welcome Screen setup start
2026-05-09 18:21:47.161 INFO edu.rit.croatia.iste422.g6.qf.controller.QueryfierManager:262 - Welcome Screen Handlers setup start
2026-05-09 18:21:47.162 INFO edu.rit.croatia.iste422.g6.qf.controller.QueryfierManager:270 - Welcome Screen Handlers setup finish
2026-05-09 18:21:47.162 INFO edu.rit.croatia.iste422.g6.qf.controller.QueryfierManager:119 - Welcome Screen setup finish
2026-05-09 18:21:47.162 INFO edu.rit.croatia.iste422.g6.qf.controller.QueryfierManager:92 - Initialization finished
2026-05-09 18:21:49.873 INFO edu.rit.croatia.iste422.g6.qf.model.QueryfierStorage:73 - File loading started
2026-05-09 18:21:49.876 INFO edu.rit.croatia.iste422.g6.qf.model.QueryfierStorage:92 - File parsing initialized
2026-05-09 18:21:49.876 INFO edu.rit.croatia.iste422.g6.qf.io.parser.XMLFileParser:35 - XML File Parser has been selected!
2026-05-09 18:21:49.879 INFO edu.rit.croatia.iste422.g6.qf.model.QueryfierStorage:103 - File parsing successful
2026-05-09 18:21:49.962 INFO edu.rit.croatia.iste422.g6.qf.controller.QueryfierManager:124 - Attribute Editor Screen setup start
2026-05-09 18:21:50.018 INFO edu.rit.croatia.iste422.g6.qf.controller.QueryfierManager:274 - Attribute Editor Screen Handlers setup start
2026-05-09 18:21:50.018 INFO edu.rit.croatia.iste422.g6.qf.controller.QueryfierManager:237 - Menu Item Handlers setup start
2026-05-09 18:21:50.020 INFO edu.rit.croatia.iste422.g6.qf.controller.QueryfierManager:258 - Menu Item Handlers setup finish
2026-05-09 18:21:50.022 INFO edu.rit.croatia.iste422.g6.qf.controller.QueryfierManager:296 - Attribute Editor Screen Handlers setup finish
2026-05-09 18:21:50.022 INFO edu.rit.croatia.iste422.g6.qf.controller.QueryfierManager:169 - Attribute Editor Screen setup finish
2026-05-09 18:25:15.318 INFO edu.rit.croatia.iste422.g6.qf.controller.QueryfierManager:78 - Initialization started
2026-05-09 18:25:15.319 INFO edu.rit.croatia.iste422.g6.qf.model.app.QueryfierConfiguration:211 - Configuration loading initiated
2026-05-09 18:25:15.320 INFO edu.rit.croatia.iste422.g6.qf.model.app.QueryfierConfiguration:253 - Configuration loading finalized
2026-05-09 18:25:15.320 INFO edu.rit.croatia.iste422.g6.qf.controller.QueryfierManager:97 - Welcome Screen setup start
2026-05-09 18:25:15.528 INFO edu.rit.croatia.iste422.g6.qf.controller.QueryfierManager:271 - Welcome Screen Handlers setup start
2026-05-09 18:25:15.529 INFO edu.rit.croatia.iste422.g6.qf.controller.QueryfierManager:279 - Welcome Screen Handlers setup finish
2026-05-09 18:25:15.530 INFO edu.rit.croatia.iste422.g6.qf.controller.QueryfierManager:119 - Welcome Screen setup finish
2026-05-09 18:25:15.530 INFO edu.rit.croatia.iste422.g6.qf.controller.QueryfierManager:92 - Initialization finished
2026-05-09 18:25:16.355 INFO edu.rit.croatia.iste422.g6.qf.model.QueryfierStorage:73 - File loading started
2026-05-09 18:25:16.357 INFO edu.rit.croatia.iste422.g6.qf.model.QueryfierStorage:92 - File parsing initialized
2026-05-09 18:25:16.358 INFO edu.rit.croatia.iste422.g6.qf.io.parser.XMLFileParser:35 - XML File Parser has been selected!
2026-05-09 18:25:16.359 INFO edu.rit.croatia.iste422.g6.qf.model.QueryfierStorage:103 - File parsing successful
2026-05-09 18:25:16.440 INFO edu.rit.croatia.iste422.g6.qf.controller.QueryfierManager:124 - Attribute Editor Screen setup start
2026-05-09 18:25:16.491 INFO edu.rit.croatia.iste422.g6.qf.controller.QueryfierManager:283 - Attribute Editor Screen Handlers setup start
2026-05-09 18:25:16.491 INFO edu.rit.croatia.iste422.g6.qf.controller.QueryfierManager:246 - Menu Item Handlers setup start
2026-05-09 18:25:16.492 INFO edu.rit.croatia.iste422.g6.qf.controller.QueryfierManager:267 - Menu Item Handlers setup finish
2026-05-09 18:25:16.493 INFO edu.rit.croatia.iste422.g6.qf.controller.QueryfierManager:305 - Attribute Editor Screen Handlers setup finish
2026-05-09 18:25:16.493 INFO edu.rit.croatia.iste422.g6.qf.controller.QueryfierManager:178 - Attribute Editor Screen setup finish
2026-05-09 18:26:26.696 INFO edu.rit.croatia.iste422.g6.qf.controller.QueryfierManager:78 - Initialization started
2026-05-09 18:26:26.697 INFO edu.rit.croatia.iste422.g6.qf.model.app.QueryfierConfiguration:211 - Configuration loading initiated
2026-05-09 18:26:26.699 INFO edu.rit.croatia.iste422.g6.qf.model.app.QueryfierConfiguration:253 - Configuration loading finalized
2026-05-09 18:26:26.699 INFO edu.rit.croatia.iste422.g6.qf.controller.QueryfierManager:97 - Welcome Screen setup start
2026-05-09 18:26:26.885 INFO edu.rit.croatia.iste422.g6.qf.controller.QueryfierManager:274 - Welcome Screen Handlers setup start
2026-05-09 18:26:26.886 INFO edu.rit.croatia.iste422.g6.qf.controller.QueryfierManager:282 - Welcome Screen Handlers setup finish
2026-05-09 18:26:26.886 INFO edu.rit.croatia.iste422.g6.qf.controller.QueryfierManager:119 - Welcome Screen setup finish
2026-05-09 18:26:26.887 INFO edu.rit.croatia.iste422.g6.qf.controller.QueryfierManager:92 - Initialization finished
2026-05-09 18:26:27.859 INFO edu.rit.croatia.iste422.g6.qf.model.QueryfierStorage:73 - File loading started
2026-05-09 18:26:27.861 INFO edu.rit.croatia.iste422.g6.qf.model.QueryfierStorage:92 - File parsing initialized
2026-05-09 18:26:27.861 INFO edu.rit.croatia.iste422.g6.qf.io.parser.XMLFileParser:35 - XML File Parser has been selected!
2026-05-09 18:26:27.863 INFO edu.rit.croatia.iste422.g6.qf.model.QueryfierStorage:103 - File parsing successful
2026-05-09 18:26:27.943 INFO edu.rit.croatia.iste422.g6.qf.controller.QueryfierManager:124 - Attribute Editor Screen setup start
2026-05-09 18:26:27.995 INFO edu.rit.croatia.iste422.g6.qf.controller.QueryfierManager:286 - Attribute Editor Screen Handlers setup start
2026-05-09 18:26:27.995 INFO edu.rit.croatia.iste422.g6.qf.controller.QueryfierManager:249 - Menu Item Handlers setup start
2026-05-09 18:26:27.997 INFO edu.rit.croatia.iste422.g6.qf.controller.QueryfierManager:270 - Menu Item Handlers setup finish
2026-05-09 18:26:27.998 INFO edu.rit.croatia.iste422.g6.qf.controller.QueryfierManager:308 - Attribute Editor Screen Handlers setup finish
2026-05-09 18:26:27.998 INFO edu.rit.croatia.iste422.g6.qf.controller.QueryfierManager:181 - Attribute Editor Screen setup finish
2026-05-09 18:26:47.437 INFO edu.rit.croatia.iste422.g6.qf.model.app.QueryfierConfiguration:83 - Configuration saving initiated
2026-05-09 18:26:47.469 INFO edu.rit.croatia.iste422.g6.qf.model.app.QueryfierConfiguration:131 - Configuration saving finalized
2026-05-09 18:27:08.739 INFO edu.rit.croatia.iste422.g6.qf.controller.QueryfierManager:78 - Initialization started
2026-05-09 18:27:08.741 INFO edu.rit.croatia.iste422.g6.qf.model.app.QueryfierConfiguration:211 - Configuration loading initiated
2026-05-09 18:27:08.742 INFO edu.rit.croatia.iste422.g6.qf.model.app.QueryfierConfiguration:253 - Configuration loading finalized
2026-05-09 18:27:08.742 INFO edu.rit.croatia.iste422.g6.qf.controller.QueryfierManager:97 - Welcome Screen setup start
2026-05-09 18:27:08.926 INFO edu.rit.croatia.iste422.g6.qf.controller.QueryfierManager:274 - Welcome Screen Handlers setup start
2026-05-09 18:27:08.928 INFO edu.rit.croatia.iste422.g6.qf.controller.QueryfierManager:282 - Welcome Screen Handlers setup finish
2026-05-09 18:27:08.928 INFO edu.rit.croatia.iste422.g6.qf.controller.QueryfierManager:119 - Welcome Screen setup finish
2026-05-09 18:27:08.928 INFO edu.rit.croatia.iste422.g6.qf.controller.QueryfierManager:92 - Initialization finished
2026-05-09 18:27:11.689 INFO edu.rit.croatia.iste422.g6.qf.model.QueryfierStorage:73 - File loading started
2026-05-09 18:27:11.692 INFO edu.rit.croatia.iste422.g6.qf.model.QueryfierStorage:92 - File parsing initialized
2026-05-09 18:27:11.692 INFO edu.rit.croatia.iste422.g6.qf.io.parser.EdgeFileParser:54 - Reading started.
2026-05-09 18:27:11.694 INFO edu.rit.croatia.iste422.g6.qf.io.parser.EdgeFileParser:136 - Adding Entity STUDENT to Hashmap.
2026-05-09 18:27:11.694 INFO edu.rit.croatia.iste422.g6.qf.io.parser.EdgeFileParser:136 - Adding Entity INSTRUCTOR to Hashmap.
2026-05-09 18:27:11.695 INFO edu.rit.croatia.iste422.g6.qf.io.parser.EdgeFileParser:149 - Setting ID attribute.
2026-05-09 18:27:11.695 INFO edu.rit.croatia.iste422.g6.qf.io.parser.EdgeFileParser:149 - Setting Name attribute.
2026-05-09 18:27:11.695 INFO edu.rit.croatia.iste422.g6.qf.io.parser.EdgeFileParser:149 - Setting InstructorID attribute.
2026-05-09 18:27:11.695 INFO edu.rit.croatia.iste422.g6.qf.io.parser.EdgeFileParser:149 - Setting ID attribute.
2026-05-09 18:27:11.695 INFO edu.rit.croatia.iste422.g6.qf.io.parser.EdgeFileParser:149 - Setting ID attribute.
2026-05-09 18:27:11.695 INFO edu.rit.croatia.iste422.g6.qf.io.parser.EdgeFileParser:149 - Setting FullName attribute.
2026-05-09 18:27:11.695 INFO edu.rit.croatia.iste422.g6.qf.io.parser.EdgeFileParser:149 - Setting FullName attribute.
2026-05-09 18:27:11.695 INFO edu.rit.croatia.iste422.g6.qf.io.parser.EdgeFileParser:136 - Adding Entity COURSE to Hashmap.
2026-05-09 18:27:11.696 INFO edu.rit.croatia.iste422.g6.qf.io.parser.EdgeFileParser:64 - Reading finished.
2026-05-09 18:27:11.696 INFO edu.rit.croatia.iste422.g6.qf.model.QueryfierStorage:103 - File parsing successful
2026-05-09 18:27:11.773 INFO edu.rit.croatia.iste422.g6.qf.controller.QueryfierManager:124 - Attribute Editor Screen setup start
2026-05-09 18:27:11.829 INFO edu.rit.croatia.iste422.g6.qf.controller.QueryfierManager:286 - Attribute Editor Screen Handlers setup start
2026-05-09 18:27:11.829 INFO edu.rit.croatia.iste422.g6.qf.controller.QueryfierManager:249 - Menu Item Handlers setup start
2026-05-09 18:27:11.830 INFO edu.rit.croatia.iste422.g6.qf.controller.QueryfierManager:270 - Menu Item Handlers setup finish
2026-05-09 18:27:11.832 INFO edu.rit.croatia.iste422.g6.qf.controller.QueryfierManager:308 - Attribute Editor Screen Handlers setup finish
2026-05-09 18:27:11.832 INFO edu.rit.croatia.iste422.g6.qf.controller.QueryfierManager:181 - Attribute Editor Screen setup finish
2026-05-09 18:28:57.183 INFO edu.rit.croatia.iste422.g6.qf.controller.QueryfierManager:78 - Initialization started
2026-05-09 18:28:57.184 INFO edu.rit.croatia.iste422.g6.qf.model.app.QueryfierConfiguration:211 - Configuration loading initiated
2026-05-09 18:28:57.185 INFO edu.rit.croatia.iste422.g6.qf.model.app.QueryfierConfiguration:253 - Configuration loading finalized
2026-05-09 18:28:57.185 INFO edu.rit.croatia.iste422.g6.qf.controller.QueryfierManager:97 - Welcome Screen setup start
2026-05-09 18:28:57.388 INFO edu.rit.croatia.iste422.g6.qf.controller.QueryfierManager:274 - Welcome Screen Handlers setup start
2026-05-09 18:28:57.389 INFO edu.rit.croatia.iste422.g6.qf.controller.QueryfierManager:282 - Welcome Screen Handlers setup finish
2026-05-09 18:28:57.389 INFO edu.rit.croatia.iste422.g6.qf.controller.QueryfierManager:119 - Welcome Screen setup finish
2026-05-09 18:28:57.389 INFO edu.rit.croatia.iste422.g6.qf.controller.QueryfierManager:92 - Initialization finished
2026-05-09 18:29:05.857 INFO edu.rit.croatia.iste422.g6.qf.controller.handler.CreateProjectHandler:37 - Starting the opening of the file.
2026-05-09 18:29:25.030 INFO edu.rit.croatia.iste422.g6.qf.model.QueryfierStorage:73 - File loading started
2026-05-09 18:29:25.033 INFO edu.rit.croatia.iste422.g6.qf.model.QueryfierStorage:92 - File parsing initialized
2026-05-09 18:29:25.033 INFO edu.rit.croatia.iste422.g6.qf.io.parser.EdgeFileParser:54 - Reading started.
2026-05-09 18:29:25.036 INFO edu.rit.croatia.iste422.g6.qf.io.parser.EdgeFileParser:136 - Adding Entity STUDENT to Hashmap.
2026-05-09 18:29:25.036 INFO edu.rit.croatia.iste422.g6.qf.io.parser.EdgeFileParser:136 - Adding Entity INSTRUCTOR to Hashmap.
2026-05-09 18:29:25.037 INFO edu.rit.croatia.iste422.g6.qf.io.parser.EdgeFileParser:149 - Setting ID attribute.
2026-05-09 18:29:25.037 INFO edu.rit.croatia.iste422.g6.qf.io.parser.EdgeFileParser:149 - Setting Name attribute.
2026-05-09 18:29:25.037 INFO edu.rit.croatia.iste422.g6.qf.io.parser.EdgeFileParser:149 - Setting InstructorID attribute.
2026-05-09 18:29:25.038 INFO edu.rit.croatia.iste422.g6.qf.io.parser.EdgeFileParser:149 - Setting ID attribute.
2026-05-09 18:29:25.038 INFO edu.rit.croatia.iste422.g6.qf.io.parser.EdgeFileParser:149 - Setting ID attribute.
2026-05-09 18:29:25.038 INFO edu.rit.croatia.iste422.g6.qf.io.parser.EdgeFileParser:149 - Setting FullName attribute.
2026-05-09 18:29:25.038 INFO edu.rit.croatia.iste422.g6.qf.io.parser.EdgeFileParser:149 - Setting FullName attribute.
2026-05-09 18:29:25.038 INFO edu.rit.croatia.iste422.g6.qf.io.parser.EdgeFileParser:136 - Adding Entity COURSE to Hashmap.
2026-05-09 18:29:25.039 INFO edu.rit.croatia.iste422.g6.qf.io.parser.EdgeFileParser:64 - Reading finished.
2026-05-09 18:29:25.039 INFO edu.rit.croatia.iste422.g6.qf.model.QueryfierStorage:103 - File parsing successful
2026-05-09 18:29:25.039 INFO edu.rit.croatia.iste422.g6.qf.controller.handler.CreateProjectHandler:57 - Finished loading the file.
2026-05-09 18:29:25.128 INFO edu.rit.croatia.iste422.g6.qf.controller.QueryfierManager:124 - Attribute Editor Screen setup start
2026-05-09 18:29:25.186 INFO edu.rit.croatia.iste422.g6.qf.controller.QueryfierManager:286 - Attribute Editor Screen Handlers setup start
2026-05-09 18:29:25.186 INFO edu.rit.croatia.iste422.g6.qf.controller.QueryfierManager:249 - Menu Item Handlers setup start
2026-05-09 18:29:25.187 INFO edu.rit.croatia.iste422.g6.qf.controller.QueryfierManager:270 - Menu Item Handlers setup finish
2026-05-09 18:29:25.189 INFO edu.rit.croatia.iste422.g6.qf.controller.QueryfierManager:308 - Attribute Editor Screen Handlers setup finish
2026-05-09 18:29:25.189 INFO edu.rit.croatia.iste422.g6.qf.controller.QueryfierManager:181 - Attribute Editor Screen setup finish
2026-05-09 19:03:25.296 INFO edu.rit.croatia.iste422.g6.qf.model.app.QueryfierConfiguration:83 - Configuration saving initiated
2026-05-09 19:03:25.339 INFO edu.rit.croatia.iste422.g6.qf.model.app.QueryfierConfiguration:131 - Configuration saving finalized
2026-05-15 20:18:39.190 INFO edu.rit.croatia.iste422.g6.qf.controller.QueryfierManager:78 - Initialization started
2026-05-15 20:18:39.191 INFO edu.rit.croatia.iste422.g6.qf.model.app.QueryfierConfiguration:211 - Configuration loading initiated
2026-05-15 20:18:39.193 INFO edu.rit.croatia.iste422.g6.qf.model.app.QueryfierConfiguration:253 - Configuration loading finalized
2026-05-15 20:18:39.193 INFO edu.rit.croatia.iste422.g6.qf.controller.QueryfierManager:97 - Welcome Screen setup start
2026-05-15 20:18:39.466 INFO edu.rit.croatia.iste422.g6.qf.controller.QueryfierManager:274 - Welcome Screen Handlers setup start
2026-05-15 20:18:39.468 INFO edu.rit.croatia.iste422.g6.qf.controller.QueryfierManager:282 - Welcome Screen Handlers setup finish
2026-05-15 20:18:39.468 INFO edu.rit.croatia.iste422.g6.qf.controller.QueryfierManager:119 - Welcome Screen setup finish
2026-05-15 20:18:39.468 INFO edu.rit.croatia.iste422.g6.qf.controller.QueryfierManager:92 - Initialization finished
2026-05-15 20:20:33.012 INFO edu.rit.croatia.iste422.g6.qf.model.QueryfierStorage:73 - File loading started
2026-05-15 20:20:33.014 INFO edu.rit.croatia.iste422.g6.qf.model.QueryfierStorage:92 - File parsing initialized
2026-05-15 20:20:33.015 INFO edu.rit.croatia.iste422.g6.qf.io.parser.XMLFileParser:35 - XML File Parser has been selected!
2026-05-15 20:20:33.018 INFO edu.rit.croatia.iste422.g6.qf.model.QueryfierStorage:103 - File parsing successful
2026-05-15 20:20:33.112 INFO edu.rit.croatia.iste422.g6.qf.controller.QueryfierManager:124 - Attribute Editor Screen setup start
2026-05-15 20:20:33.165 INFO edu.rit.croatia.iste422.g6.qf.controller.QueryfierManager:286 - Attribute Editor Screen Handlers setup start
2026-05-15 20:20:33.165 INFO edu.rit.croatia.iste422.g6.qf.controller.QueryfierManager:249 - Menu Item Handlers setup start
2026-05-15 20:20:33.168 INFO edu.rit.croatia.iste422.g6.qf.controller.QueryfierManager:270 - Menu Item Handlers setup finish
2026-05-15 20:20:33.169 INFO edu.rit.croatia.iste422.g6.qf.controller.QueryfierManager:308 - Attribute Editor Screen Handlers setup finish
2026-05-15 20:20:33.169 INFO edu.rit.croatia.iste422.g6.qf.controller.QueryfierManager:181 - Attribute Editor Screen setup finish
2026-05-15 20:20:57.973 INFO edu.rit.croatia.iste422.g6.qf.controller.QueryfierManager:124 - Attribute Editor Screen setup start
2026-05-15 20:20:58.018 INFO edu.rit.croatia.iste422.g6.qf.controller.QueryfierManager:286 - Attribute Editor Screen Handlers setup start
2026-05-15 20:20:58.018 INFO edu.rit.croatia.iste422.g6.qf.controller.QueryfierManager:249 - Menu Item Handlers setup start
2026-05-15 20:20:58.018 INFO edu.rit.croatia.iste422.g6.qf.controller.QueryfierManager:270 - Menu Item Handlers setup finish
2026-05-15 20:20:58.018 INFO edu.rit.croatia.iste422.g6.qf.controller.QueryfierManager:308 - Attribute Editor Screen Handlers setup finish
2026-05-15 20:20:58.018 INFO edu.rit.croatia.iste422.g6.qf.controller.QueryfierManager:181 - Attribute Editor Screen setup finish
2026-05-15 20:20:59.506 INFO edu.rit.croatia.iste422.g6.qf.controller.QueryfierManager:213 - Entity Relations Editor Screen setup start
2026-05-15 20:20:59.553 INFO edu.rit.croatia.iste422.g6.qf.controller.QueryfierManager:312 - Entity Relations Editor Screen Handlers setup start
2026-05-15 20:20:59.553 INFO edu.rit.croatia.iste422.g6.qf.controller.QueryfierManager:249 - Menu Item Handlers setup start
2026-05-15 20:20:59.553 INFO edu.rit.croatia.iste422.g6.qf.controller.QueryfierManager:270 - Menu Item Handlers setup finish
2026-05-15 20:20:59.554 INFO edu.rit.croatia.iste422.g6.qf.controller.QueryfierManager:321 - Entity Relations Editor Screen Handlers setup finish
2026-05-15 20:20:59.554 INFO edu.rit.croatia.iste422.g6.qf.controller.QueryfierManager:235 - Entity Relations Editor Screen setup finish
2026-05-15 20:21:05.256 INFO edu.rit.croatia.iste422.g6.qf.model.app.QueryfierConfiguration:83 - Configuration saving initiated
2026-05-15 20:21:05.291 INFO edu.rit.croatia.iste422.g6.qf.model.app.QueryfierConfiguration:131 - Configuration saving finalized
